,c0,c1,c2,c3,c4,c5,c6,c7,c8,c9,c10,c11,c12,c13,c14,c15,c16,c17,c18,c19,c20,c21,c22,c23,c24,c25,c26,c27,c28,c29,c30,c31,c32,c33,c34,c35,c36,c37,c38,c39,c40,c41,c42,c43,c44,c45,c46,c47,c48,c49,c50,c51,c52,c53,c54,c55,c56,c57,c58,c59,c60,c61,c62,c63,c64,c65,c66,c67,c68,c69,c70,c71,c72,c73,c74,c75,c76,c77,c78,c79,c80,c81,c82,c83,c84,c85,c86,c87,c88,c89,c90,c91,c92,c93,c94,c95,c96,c97,c98,c99
g0,4.0,8.0,5.0,9.0,3.0,2.0,1.0,1.0,2.0,2.0,1.0,0.0,4.0,2.0,1.0,9.0,2.0,12.0,9.0,1.0,4.0,2.0,1.0,3.0,4.0,3.0,3.0,1.0,9.0,8.0,2.0,0.0,0.0,2.0,2.0,4.0,4.0,5.0,5.0,0.0,4.0,2.0,6.0,0.0,8.0,2.0,3.0,1.0,0.0,2.0,2.0,1.0,3.0,2.0,3.0,5.0,0.0,8.0,1.0,1.0,10.0,1.0,4.0,2.0,0.0,4.0,5.0,2.0,0.0,4.0,1.0,1.0,2.0,2.0,5.0,6.0,2.0,4.0,1.0,2.0,1.0,4.0,5.0,2.0,1.0,3.0,2.0,11.0,5.0,5.0,1.0,0.0,1.0,2.0,1.0,0.0,2.0,2.0,1.0,0.0
g1,3.0,7.0,9.0,0.0,0.0,4.0,1.0,8.0,4.0,1.0,1.0,8.0,0.0,5.0,3.0,2.0,2.0,5.0,7.0,5.0,3.0,1.0,3.0,4.0,3.0,4.0,6.0,0.0,1.0,6.0,2.0,5.0,4.0,7.0,4.0,2.0,9.0,2.0,4.0,11.0,1.0,3.0,1.0,1.0,3.0,0.0,4.0,7.0,0.0,1.0,2.0,3.0,3.0,4.0,4.0,1.0,1.0,7.0,0.0,4.0,2.0,1.0,1.0,3.0,4.0,4.0,3.0,2.0,2.0,0.0,4.0,2.0,5.0,2.0,0.0,7.0,5.0,1.0,0.0,8.0,1.0,2.0,3.0,4.0,3.0,0.0,0.0,3.0,1.0,2.0,3.0,5.0,2.0,3.0,2.0,0.0,0.0,1.0,1.0,3.0
g2,1.0,0.0,9.0,11.0,2.0,1.0,2.0,5.0,5.0,2.0,10.0,1.0,7.0,6.0,3.0,1.0,5.0,1.0,0.0,1.0,1.0,5.0,3.0,0.0,9.0,2.0,3.0,1.0,7.0,1.0,5.0,3.0,7.0,1.0,3.0,2.0,6.0,0.0,6.0,1.0,1.0,1.0,10.0,7.0,4.0,13.0,7.0,0.0,3.0,2.0,1.0,6.0,3.0,2.0,2.0,4.0,0.0,3.0,5.0,1.0,1.0,3.0,1.0,1.0,2.0,2.0,3.0,1.0,3.0,2.0,2.0,6.0,3.0,3.0,2.0,4.0,5.0,6.0,1.0,3.0,2.0,1.0,1.0,3.0,1.0,1.0,2.0,0.0,3.0,3.0,1.0,8.0,3.0,2.0,3.0,2.0,0.0,1.0,1.0,1.0
g3,1.0,0.0,2.0,1.0,3.0,2.0,2.0,0.0,7.0,1.0,3.0,6.0,2.0,2.0,3.0,4.0,0.0,10.0,1.0,3.0,1.0,1.0,2.0,2.0,0.0,5.0,4.0,3.0,0.0,1.0,0.0,2.0,1.0,2.0,4.0,0.0,6.0,2.0,8.0,0.0,7.0,10.0,2.0,0.0,1.0,2.0,5.0,2.0,7.0,2.0,10.0,5.0,4.0,2.0,0.0,3.0,7.0,3.0,1.0,1.0,8.0,3.0,4.0,2.0,1.0,10.0,0.0,0.0,3.0,3.0,4.0,2.0,4.0,1.0,2.0,0.0,5.0,2.0,2.0,3.0,2.0,6.0,7.0,2.0,2.0,3.0,3.0,3.0,6.0,1.0,2.0,1.0,2.0,3.0,3.0,2.0,1.0,4.0,1.0,2.0
g4,2.0,2.0,0.0,6.0,9.0,5.0,2.0,2.0,8.0,2.0,5.0,2.0,9.0,3.0,6.0,8.0,0.0,3.0,3.0,8.0,0.0,8.0,2.0,7.0,6.0,7.0,7.0,3.0,2.0,4.0,6.0,8.0,3.0,0.0,2.0,1.0,0.0,1.0,3.0,4.0,2.0,5.0,12.0,7.0,7.0,9.0,5.0,1.0,4.0,8.0,9.0,3.0,4.0,0.0,1.0,4.0,2.0,4.0,9.0,2.0,3.0,7.0,2.0,4.0,9.0,5.0,2.0,3.0,2.0,2.0,1.0,2.0,2.0,1.0,0.0,5.0,2.0,1.0,2.0,0.0,2.0,1.0,3.0,7.0,2.0,0.0,2.0,2.0,3.0,5.0,2.0,3.0,3.0,2.0,5.0,2.0,5.0,0.0,1.0,1.0
g5,2.0,7.0,1.0,0.0,7.0,3.0,0.0,6.0,7.0,5.0,7.0,3.0,0.0,2.0,1.0,1.0,2.0,2.0,5.0,9.0,1.0,3.0,9.0,5.0,8.0,1.0,3.0,2.0,11.0,3.0,3.0,0.0,8.0,2.0,1.0,9.0,3.0,0.0,2.0,0.0,6.0,2.0,4.0,0.0,1.0,2.0,3.0,4.0,2.0,8.0,2.0,0.0,2.0,3.0,1.0,6.0,1.0,3.0,1.0,1.0,11.0,3.0,3.0,1.0,11.0,0.0,1.0,4.0,0.0,5.0,3.0,1.0,0.0,0.0,4.0,2.0,5.0,1.0,0.0,2.0,1.0,3.0,0.0,1.0,1.0,4.0,3.0,5.0,2.0,2.0,2.0,2.0,1.0,0.0,4.0,0.0,3.0,1.0,2.0,2.0
g6,10.0,1.0,5.0,5.0,1.0,9.0,3.0,0.0,5.0,0.0,0.0,3.0,7.0,9.0,8.0,0.0,14.0,5.0,1.0,14.0,4.0,4.0,2.0,10.0,3.0,2.0,5.0,10.0,1.0,7.0,1.0,10.0,4.0,8.0,14.0,5.0,9.0,5.0,3.0,9.0,1.0,5.0,1.0,3.0,14.0,2.0,12.0,3.0,6.0,3.0,4.0,0.0,4.0,1.0,4.0,1.0,5.0,1.0,2.0,2.0,1.0,0.0,0.0,2.0,2.0,3.0,3.0,0.0,3.0,1.0,1.0,3.0,0.0,1.0,2.0,2.0,1.0,1.0,0.0,1.0,2.0,1.0,4.0,1.0,3.0,1.0,3.0,0.0,1.0,2.0,1.0,2.0,2.0,2.0,4.0,2.0,3.0,2.0,1.0,2.0
g7,4.0,2.0,6.0,10.0,4.0,5.0,11.0,3.0,2.0,11.0,2.0,8.0,5.0,3.0,11.0,4.0,8.0,8.0,8.0,2.0,7.0,3.0,3.0,2.0,7.0,5.0,9.0,10.0,3.0,2.0,3.0,8.0,0.0,4.0,3.0,2.0,3.0,2.0,1.0,4.0,3.0,8.0,1.0,2.0,1.0,2.0,1.0,1.0,5.0,0.0,2.0,4.0,2.0,0.0,5.0,2.0,7.0,3.0,1.0,2.0,5.0,1.0,1.0,1.0,3.0,2.0,1.0,8.0,1.0,0.0,8.0,5.0,0.0,2.0,3.0,2.0,1.0,3.0,11.0,0.0,1.0,1.0,2.0,2.0,0.0,2.0,0.0,4.0,1.0,11.0,1.0,1.0,0.0,3.0,2.0,0.0,3.0,4.0,2.0,5.0
g8,6.0,8.0,1.0,7.0,0.0,3.0,8.0,3.0,6.0,3.0,6.0,0.0,4.0,0.0,2.0,1.0,8.0,3.0,1.0,1.0,4.0,7.0,6.0,1.0,3.0,1.0,2.0,5.0,1.0,6.0,5.0,1.0,4.0,4.0,1.0,2.0,3.0,6.0,0.0,4.0,12.0,1.0,4.0,1.0,2.0,1.0,12.0,7.0,8.0,1.0,2.0,1.0,4.0,3.0,3.0,0.0,1.0,2.0,4.0,1.0,4.0,0.0,8.0,1.0,2.0,4.0,2.0,1.0,1.0,2.0,1.0,2.0,3.0,2.0,0.0,1.0,4.0,7.0,2.0,7.0,9.0,5.0,0.0,2.0,3.0,6.0,2.0,4.0,3.0,2.0,1.0,3.0,2.0,1.0,0.0,0.0,2.0,0.0,1.0,0.0
g9,1.0,6.0,7.0,4.0,4.0,0.0,2.0,3.0,7.0,1.0,0.0,9.0,4.0,1.0,7.0,3.0,6.0,1.0,1.0,4.0,3.0,1.0,2.0,2.0,1.0,6.0,2.0,2.0,2.0,5.0,1.0,1.0,5.0,3.0,3.0,1.0,6.0,7.0,2.0,2.0,3.0,0.0,6.0,4.0,2.0,1.0,2.0,6.0,2.0,2.0,5.0,8.0,10.0,1.0,1.0,0.0,0.0,2.0,4.0,5.0,5.0,6.0,1.0,2.0,0.0,0.0,4.0,3.0,1.0,2.0,3.0,0.0,1.0,2.0,2.0,1.0,5.0,3.0,3.0,3.0,5.0,2.0,2.0,3.0,2.0,2.0,2.0,6.0,4.0,1.0,6.0,1.0,3.0,1.0,3.0,4.0,3.0,3.0,2.0,4.0
g10,9.0,6.0,8.0,2.0,2.0,10.0,2.0,8.0,7.0,1.0,1.0,2.0,1.0,5.0,3.0,6.0,1.0,1.0,3.0,4.0,9.0,3.0,4.0,3.0,2.0,3.0,9.0,8.0,3.0,2.0,3.0,7.0,0.0,5.0,9.0,8.0,10.0,1.0,2.0,0.0,7.0,1.0,3.0,4.0,6.0,4.0,3.0,1.0,4.0,2.0,3.0,2.0,0.0,6.0,2.0,3.0,1.0,0.0,1.0,3.0,1.0,1.0,2.0,5.0,4.0,2.0,2.0,5.0,1.0,10.0,1.0,9.0,0.0,0.0,2.0,1.0,1.0,2.0,1.0,2.0,2.0,3.0,3.0,1.0,1.0,1.0,2.0,2.0,4.0,1.0,3.0,1.0,5.0,2.0,3.0,0.0,3.0,0.0,4.0,1.0
g11,6.0,10.0,1.0,2.0,2.0,2.0,2.0,0.0,13.0,5.0,1.0,2.0,2.0,8.0,1.0,4.0,1.0,1.0,2.0,0.0,9.0,5.0,9.0,1.0,1.0,3.0,2.0,2.0,0.0,1.0,2.0,0.0,4.0,10.0,0.0,8.0,6.0,0.0,1.0,0.0,3.0,2.0,3.0,5.0,13.0,2.0,8.0,6.0,3.0,2.0,3.0,1.0,1.0,4.0,4.0,6.0,10.0,3.0,2.0,0.0,6.0,4.0,3.0,3.0,5.0,1.0,12.0,1.0,1.0,1.0,0.0,1.0,4.0,2.0,1.0,7.0,1.0,2.0,2.0,0.0,2.0,7.0,2.0,2.0,0.0,2.0,0.0,7.0,4.0,4.0,11.0,8.0,2.0,0.0,2.0,3.0,1.0,2.0,1.0,1.0
g12,6.0,3.0,2.0,0.0,3.0,2.0,5.0,0.0,9.0,2.0,8.0,1.0,2.0,7.0,2.0,4.0,0.0,11.0,4.0,0.0,0.0,10.0,0.0,1.0,0.0,8.0,2.0,2.0,1.0,7.0,7.0,0.0,8.0,1.0,4.0,14.0,4.0,1.0,4.0,1.0,1.0,6.0,2.0,0.0,4.0,2.0,1.0,4.0,3.0,0.0,2.0,4.0,2.0,7.0,2.0,2.0,8.0,1.0,0.0,3.0,6.0,1.0,2.0,2.0,6.0,2.0,2.0,1.0,4.0,3.0,0.0,2.0,2.0,3.0,6.0,7.0,0.0,3.0,3.0,2.0,0.0,3.0,2.0,4.0,1.0,3.0,2.0,4.0,6.0,2.0,1.0,1.0,1.0,0.0,1.0,2.0,3.0,9.0,3.0,2.0
g13,8.0,8.0,6.0,7.0,2.0,11.0,11.0,2.0,6.0,2.0,1.0,9.0,1.0,2.0,2.0,2.0,9.0,1.0,2.0,3.0,0.0,0.0,8.0,1.0,2.0,3.0,5.0,3.0,8.0,3.0,7.0,0.0,10.0,2.0,9.0,3.0,7.0,2.0,0.0,0.0,2.0,9.0,5.0,1.0,4.0,1.0,2.0,0.0,7.0,3.0,2.0,4.0,3.0,10.0,1.0,3.0,3.0,0.0,9.0,4.0,2.0,2.0,2.0,0.0,2.0,2.0,3.0,0.0,1.0,3.0,3.0,4.0,0.0,3.0,1.0,6.0,5.0,0.0,1.0,7.0,3.0,1.0,0.0,3.0,3.0,0.0,2.0,0.0,4.0,0.0,2.0,1.0,0.0,1.0,2.0,5.0,1.0,3.0,1.0,5.0
g14,2.0,0.0,1.0,2.0,4.0,4.0,3.0,0.0,0.0,2.0,6.0,2.0,4.0,7.0,8.0,3.0,8.0,3.0,8.0,2.0,3.0,2.0,5.0,6.0,3.0,7.0,4.0,3.0,1.0,1.0,2.0,7.0,9.0,9.0,6.0,5.0,4.0,4.0,1.0,11.0,0.0,2.0,5.0,1.0,2.0,2.0,0.0,9.0,6.0,4.0,5.0,3.0,3.0,0.0,3.0,5.0,1.0,1.0,1.0,8.0,2.0,1.0,0.0,5.0,0.0,4.0,1.0,5.0,3.0,1.0,0.0,1.0,4.0,2.0,7.0,3.0,1.0,1.0,0.0,3.0,1.0,0.0,2.0,3.0,1.0,5.0,3.0,3.0,4.0,1.0,2.0,2.0,2.0,2.0,3.0,3.0,2.0,3.0,1.0,3.0
g15,5.0,5.0,1.0,6.0,7.0,9.0,5.0,6.0,5.0,7.0,2.0,5.0,9.0,1.0,5.0,3.0,0.0,4.0,7.0,1.0,2.0,4.0,8.0,11.0,3.0,4.0,1.0,8.0,6.0,2.0,4.0,9.0,3.0,5.0,14.0,7.0,3.0,4.0,2.0,0.0,1.0,1.0,5.0,1.0,3.0,2.0,3.0,4.0,9.0,3.0,2.0,3.0,2.0,2.0,5.0,4.0,1.0,2.0,3.0,2.0,2.0,0.0,3.0,2.0,3.0,2.0,12.0,2.0,2.0,2.0,3.0,6.0,1.0,1.0,9.0,3.0,0.0,7.0,2.0,2.0,0.0,2.0,11.0,2.0,3.0,1.0,5.0,1.0,2.0,2.0,1.0,3.0,1.0,1.0,1.0,1.0,4.0,0.0,1.0,1.0
g16,6.0,7.0,12.0,4.0,3.0,5.0,11.0,5.0,6.0,1.0,2.0,1.0,1.0,11.0,1.0,2.0,3.0,3.0,5.0,8.0,1.0,3.0,1.0,9.0,3.0,1.0,2.0,9.0,10.0,9.0,3.0,2.0,0.0,3.0,2.0,9.0,0.0,9.0,0.0,4.0,5.0,2.0,6.0,7.0,2.0,6.0,4.0,4.0,3.0,3.0,4.0,2.0,4.0,6.0,2.0,3.0,2.0,2.0,4.0,4.0,1.0,1.0,5.0,3.0,3.0,6.0,1.0,1.0,3.0,3.0,0.0,2.0,1.0,3.0,1.0,3.0,5.0,0.0,1.0,10.0,4.0,5.0,1.0,3.0,2.0,2.0,0.0,2.0,2.0,4.0,11.0,3.0,3.0,3.0,2.0,0.0,2.0,2.0,1.0,0.0
g17,0.0,6.0,5.0,9.0,1.0,3.0,1.0,1.0,10.0,7.0,4.0,1.0,9.0,3.0,4.0,0.0,3.0,3.0,4.0,2.0,1.0,10.0,8.0,8.0,6.0,2.0,5.0,1.0,0.0,7.0,4.0,6.0,11.0,2.0,1.0,9.0,2.0,7.0,2.0,3.0,5.0,10.0,8.0,2.0,3.0,2.0,2.0,3.0,5.0,3.0,7.0,2.0,3.0,2.0,3.0,2.0,0.0,8.0,1.0,2.0,5.0,4.0,0.0,2.0,0.0,0.0,1.0,2.0,0.0,1.0,4.0,3.0,9.0,2.0,2.0,2.0,4.0,1.0,1.0,1.0,3.0,2.0,2.0,2.0,0.0,1.0,4.0,2.0,4.0,4.0,2.0,1.0,3.0,3.0,1.0,1.0,4.0,1.0,4.0,0.0
g18,3.0,3.0,9.0,2.0,1.0,5.0,2.0,2.0,9.0,3.0,3.0,7.0,6.0,7.0,5.0,8.0,1.0,1.0,2.0,7.0,4.0,7.0,4.0,6.0,1.0,8.0,2.0,1.0,11.0,8.0,1.0,8.0,7.0,2.0,2.0,4.0,1.0,1.0,2.0,1.0,3.0,3.0,4.0,1.0,3.0,1.0,1.0,2.0,0.0,1.0,2.0,4.0,0.0,0.0,1.0,1.0,10.0,2.0,2.0,2.0,5.0,3.0,4.0,3.0,0.0,4.0,9.0,3.0,7.0,1.0,7.0,4.0,0.0,2.0,3.0,1.0,0.0,7.0,2.0,1.0,2.0,1.0,0.0,2.0,0.0,3.0,2.0,4.0,1.0,0.0,0.0,4.0,0.0,5.0,0.0,3.0,2.0,1.0,6.0,1.0
g19,8.0,3.0,9.0,3.0,8.0,1.0,2.0,9.0,2.0,4.0,1.0,0.0,1.0,2.0,4.0,1.0,0.0,2.0,2.0,10.0,6.0,9.0,5.0,1.0,7.0,2.0,3.0,2.0,4.0,2.0,2.0,2.0,8.0,0.0,8.0,4.0,1.0,3.0,5.0,2.0,0.0,3.0,2.0,1.0,0.0,0.0,8.0,2.0,2.0,3.0,5.0,3.0,0.0,0.0,9.0,2.0,2.0,7.0,0.0,0.0,9.0,2.0,9.0,1.0,3.0,7.0,1.0,3.0,6.0,2.0,1.0,4.0,1.0,1.0,3.0,1.0,4.0,3.0,0.0,2.0,3.0,2.0,2.0,4.0,1.0,1.0,0.0,3.0,0.0,2.0,1.0,1.0,2.0,4.0,4.0,3.0,8.0,1.0,2.0,1.0
g20,9.0,4.0,8.0,8.0,3.0,10.0,5.0,6.0,6.0,2.0,5.0,2.0,3.0,3.0,8.0,6.0,3.0,2.0,1.0,10.0,1.0,2.0,5.0,3.0,10.0,2.0,7.0,0.0,6.0,2.0,1.0,11.0,8.0,9.0,2.0,1.0,2.0,1.0,1.0,7.0,3.0,1.0,8.0,3.0,3.0,3.0,0.0,0.0,0.0,4.0,12.0,3.0,0.0,0.0,4.0,1.0,2.0,14.0,1.0,0.0,1.0,2.0,1.0,1.0,1.0,3.0,10.0,8.0,3.0,1.0,2.0,0.0,1.0,3.0,1.0,4.0,8.0,10.0,4.0,2.0,1.0,1.0,2.0,1.0,2.0,2.0,1.0,4.0,5.0,1.0,6.0,4.0,2.0,1.0,1.0,3.0,2.0,1.0,4.0,2.0
g21,1.0,3.0,2.0,11.0,4.0,1.0,4.0,2.0,9.0,3.0,2.0,8.0,1.0,12.0,3.0,0.0,2.0,1.0,0.0,11.0,4.0,1.0,6.0,4.0,3.0,0.0,1.0,4.0,2.0,10.0,2.0,7.0,3.0,3.0,11.0,1.0,7.0,5.0,4.0,2.0,7.0,1.0,2.0,2.0,2.0,1.0,4.0,1.0,1.0,2.0,2.0,5.0,0.0,0.0,2.0,1.0,4.0,4.0,2.0,1.0,1.0,4.0,1.0,8.0,0.0,1.0,3.0,1.0,10.0,2.0,2.0,1.0,2.0,4.0,1.0,0.0,5.0,4.0,3.0,3.0,2.0,1.0,4.0,1.0,5.0,3.0,1.0,3.0,0.0,2.0,2.0,1.0,3.0,3.0,1.0,1.0,3.0,1.0,0.0,1.0
g22,3.0,4.0,6.0,0.0,2.0,1.0,3.0,5.0,2.0,9.0,0.0,7.0,2.0,0.0,2.0,7.0,2.0,6.0,9.0,1.0,4.0,2.0,3.0,7.0,4.0,2.0,1.0,1.0,2.0,2.0,13.0,1.0,0.0,2.0,0.0,0.0,3.0,2.0,3.0,1.0,6.0,9.0,4.0,3.0,1.0,4.0,1.0,3.0,1.0,1.0,2.0,3.0,1.0,3.0,9.0,2.0,2.0,0.0,5.0,9.0,2.0,3.0,4.0,1.0,1.0,5.0,0.0,2.0,1.0,3.0,2.0,5.0,3.0,2.0,2.0,1.0,0.0,1.0,3.0,1.0,1.0,0.0,2.0,3.0,4.0,2.0,3.0,3.0,2.0,3.0,0.0,2.0,2.0,4.0,10.0,2.0,2.0,2.0,1.0,2.0
g23,8.0,1.0,9.0,6.0,1.0,9.0,4.0,8.0,1.0,1.0,0.0,5.0,7.0,2.0,1.0,6.0,4.0,1.0,1.0,3.0,7.0,8.0,6.0,2.0,2.0,7.0,8.0,3.0,3.0,14.0,1.0,3.0,1.0,0.0,2.0,3.0,5.0,7.0,1.0,3.0,5.0,0.0,4.0,1.0,9.0,1.0,1.0,6.0,2.0,1.0,2.0,3.0,8.0,2.0,7.0,3.0,3.0,2.0,3.0,1.0,4.0,3.0,10.0,2.0,1.0,1.0,1.0,2.0,1.0,6.0,3.0,0.0,2.0,0.0,0.0,2.0,6.0,2.0,2.0,1.0,0.0,2.0,5.0,10.0,3.0,3.0,0.0,1.0,2.0,1.0,4.0,0.0,1.0,4.0,1.0,2.0,4.0,2.0,3.0,1.0
g24,5.0,1.0,3.0,3.0,1.0,3.0,10.0,3.0,2.0,0.0,4.0,8.0,8.0,2.0,1.0,11.0,6.0,0.0,4.0,2.0,3.0,2.0,4.0,1.0,2.0,2.0,11.0,9.0,6.0,2.0,4.0,0.0,1.0,1.0,4.0,2.0,7.0,0.0,3.0,1.0,1.0,9.0,6.0,0.0,1.0,2.0,2.0,1.0,1.0,4.0,3.0,0.0,7.0,3.0,3.0,1.0,2.0,3.0,1.0,0.0,2.0,7.0,9.0,3.0,0.0,2.0,9.0,4.0,9.0,2.0,1.0,1.0,3.0,2.0,0.0,1.0,3.0,0.0,2.0,4.0,2.0,0.0,2.0,1.0,3.0,3.0,2.0,2.0,2.0,0.0,2.0,4.0,1.0,3.0,1.0,1.0,2.0,1.0,1.0,0.0
g25,3.0,2.0,2.0,4.0,7.0,3.0,2.0,2.0,1.0,3.0,1.0,5.0,6.0,3.0,3.0,1.0,2.0,9.0,2.0,2.0,0.0,3.0,14.0,3.0,9.0,5.0,2.0,3.0,11.0,0.0,0.0,1.0,10.0,1.0,0.0,2.0,4.0,8.0,3.0,2.0,11.0,5.0,4.0,1.0,2.0,1.0,1.0,8.0,0.0,4.0,3.0,1.0,17.0,1.0,2.0,3.0,8.0,1.0,1.0,6.0,6.0,2.0,11.0,4.0,4.0,6.0,2.0,0.0,7.0,1.0,2.0,5.0,1.0,5.0,1.0,3.0,2.0,3.0,4.0,1.0,0.0,4.0,3.0,1.0,2.0,4.0,3.0,1.0,0.0,4.0,1.0,1.0,5.0,7.0,2.0,0.0,3.0,1.0,1.0,2.0
g26,1.0,6.0,7.0,9.0,3.0,1.0,6.0,4.0,1.0,7.0,7.0,7.0,8.0,1.0,6.0,3.0,1.0,1.0,13.0,6.0,5.0,2.0,1.0,0.0,8.0,5.0,3.0,1.0,0.0,1.0,1.0,4.0,3.0,3.0,1.0,2.0,3.0,3.0,4.0,0.0,0.0,9.0,2.0,1.0,1.0,6.0,3.0,1.0,0.0,1.0,5.0,1.0,0.0,3.0,2.0,1.0,1.0,10.0,1.0,7.0,2.0,1.0,4.0,1.0,6.0,2.0,0.0,3.0,0.0,5.0,3.0,1.0,2.0,2.0,2.0,1.0,4.0,1.0,4.0,0.0,2.0,2.0,1.0,13.0,2.0,4.0,2.0,3.0,3.0,1.0,0.0,1.0,2.0,2.0,4.0,1.0,3.0,4.0,4.0,1.0
g27,2.0,3.0,7.0,1.0,2.0,3.0,10.0,8.0,1.0,0.0,2.0,9.0,1.0,2.0,6.0,2.0,2.0,12.0,2.0,6.0,1.0,10.0,9.0,5.0,1.0,4.0,2.0,8.0,7.0,2.0,8.0,0.0,2.0,0.0,4.0,8.0,3.0,0.0,4.0,6.0,1.0,1.0,3.0,8.0,1.0,2.0,1.0,2.0,3.0,2.0,1.0,0.0,0.0,1.0,2.0,2.0,6.0,1.0,1.0,2.0,0.0,1.0,3.0,4.0,7.0,1.0,1.0,0.0,2.0,2.0,2.0,2.0,3.0,0.0,2.0,3.0,4.0,2.0,2.0,1.0,4.0,3.0,3.0,2.0,1.0,3.0,1.0,0.0,3.0,2.0,3.0,8.0,0.0,3.0,2.0,2.0,3.0,1.0,1.0,2.0
g28,1.0,10.0,2.0,8.0,7.0,0.0,1.0,5.0,4.0,4.0,8.0,7.0,5.0,1.0,5.0,1.0,0.0,1.0,4.0,5.0,1.0,3.0,1.0,2.0,4.0,8.0,3.0,1.0,5.0,5.0,5.0,0.0,1.0,3.0,1.0,1.0,3.0,2.0,0.0,0.0,1.0,8.0,1.0,0.0,3.0,0.0,2.0,1.0,1.0,3.0,2.0,3.0,3.0,15.0,7.0,0.0,1.0,6.0,2.0,3.0,4.0,10.0,3.0,2.0,2.0,3.0,1.0,1.0,2.0,0.0,3.0,3.0,3.0,3.0,2.0,5.0,3.0,1.0,4.0,2.0,2.0,0.0,1.0,2.0,1.0,3.0,5.0,2.0,2.0,2.0,1.0,1.0,3.0,4.0,2.0,4.0,2.0,3.0,2.0,3.0
g29,6.0,3.0,0.0,2.0,2.0,13.0,5.0,0.0,4.0,4.0,2.0,7.0,1.0,9.0,1.0,5.0,5.0,2.0,1.0,3.0,1.0,2.0,1.0,0.0,1.0,10.0,0.0,7.0,8.0,0.0,1.0,2.0,0.0,12.0,9.0,6.0,2.0,8.0,4.0,3.0,10.0,3.0,1.0,4.0,7.0,3.0,6.0,3.0,0.0,6.0,0.0,0.0,5.0,1.0,10.0,3.0,1.0,0.0,8.0,2.0,1.0,5.0,3.0,3.0,1.0,2.0,3.0,2.0,1.0,6.0,1.0,2.0,4.0,1.0,0.0,1.0,10.0,2.0,0.0,1.0,0.0,3.0,1.0,2.0,2.0,3.0,2.0,1.0,4.0,2.0,2.0,1.0,4.0,1.0,3.0,2.0,1.0,1.0,0.0,1.0
g30,7.0,1.0,3.0,2.0,8.0,5.0,7.0,2.0,8.0,10.0,3.0,4.0,2.0,8.0,2.0,0.0,2.0,4.0,2.0,2.0,4.0,8.0,2.0,2.0,4.0,2.0,4.0,0.0,3.0,2.0,2.0,3.0,9.0,4.0,1.0,6.0,1.0,8.0,5.0,4.0,10.0,1.0,3.0,1.0,0.0,6.0,3.0,12.0,3.0,3.0,7.0,0.0,2.0,1.0,2.0,0.0,9.0,2.0,7.0,1.0,4.0,7.0,5.0,0.0,4.0,4.0,2.0,2.0,2.0,2.0,4.0,0.0,9.0,1.0,1.0,2.0,3.0,6.0,7.0,5.0,2.0,3.0,2.0,2.0,2.0,2.0,2.0,1.0,0.0,5.0,5.0,1.0,2.0,0.0,1.0,2.0,0.0,2.0,4.0,3.0
g31,3.0,8.0,6.0,6.0,2.0,4.0,1.0,2.0,4.0,2.0,8.0,3.0,0.0,12.0,7.0,1.0,1.0,5.0,2.0,7.0,0.0,3.0,1.0,1.0,5.0,2.0,6.0,2.0,0.0,3.0,4.0,6.0,5.0,2.0,4.0,7.0,2.0,1.0,2.0,6.0,4.0,3.0,9.0,5.0,10.0,3.0,3.0,10.0,8.0,0.0,2.0,4.0,1.0,4.0,2.0,1.0,2.0,2.0,5.0,7.0,4.0,2.0,0.0,2.0,2.0,1.0,1.0,1.0,1.0,2.0,1.0,2.0,4.0,4.0,2.0,2.0,7.0,0.0,1.0,0.0,1.0,1.0,3.0,2.0,2.0,3.0,1.0,6.0,2.0,4.0,2.0,0.0,3.0,1.0,1.0,2.0,1.0,3.0,2.0,4.0
g32,0.0,11.0,7.0,6.0,9.0,3.0,8.0,2.0,4.0,3.0,8.0,1.0,1.0,2.0,6.0,2.0,5.0,4.0,3.0,8.0,0.0,0.0,0.0,1.0,2.0,1.0,1.0,0.0,3.0,3.0,7.0,2.0,2.0,0.0,1.0,0.0,10.0,2.0,1.0,5.0,1.0,2.0,3.0,6.0,1.0,2.0,5.0,1.0,2.0,2.0,3.0,1.0,1.0,1.0,3.0,8.0,5.0,2.0,2.0,2.0,1.0,2.0,7.0,0.0,4.0,6.0,4.0,3.0,4.0,3.0,0.0,2.0,2.0,1.0,1.0,1.0,4.0,1.0,2.0,0.0,1.0,4.0,0.0,11.0,0.0,3.0,2.0,2.0,2.0,1.0,2.0,2.0,3.0,3.0,1.0,10.0,3.0,4.0,0.0,1.0
g33,10.0,3.0,4.0,4.0,6.0,3.0,15.0,4.0,4.0,7.0,3.0,1.0,4.0,2.0,1.0,4.0,3.0,4.0,2.0,4.0,8.0,2.0,5.0,4.0,2.0,10.0,1.0,0.0,5.0,3.0,3.0,2.0,9.0,6.0,0.0,9.0,4.0,1.0,6.0,4.0,1.0,1.0,4.0,5.0,6.0,5.0,5.0,4.0,2.0,1.0,2.0,2.0,1.0,7.0,3.0,8.0,1.0,5.0,8.0,1.0,4.0,4.0,1.0,0.0,2.0,2.0,4.0,1.0,1.0,2.0,6.0,1.0,0.0,1.0,1.0,0.0,1.0,1.0,4.0,6.0,1.0,1.0,1.0,2.0,0.0,5.0,2.0,2.0,7.0,1.0,1.0,6.0,2.0,1.0,0.0,4.0,0.0,4.0,1.0,3.0
g34,2.0,2.0,3.0,1.0,1.0,9.0,2.0,1.0,5.0,5.0,10.0,6.0,2.0,0.0,0.0,8.0,11.0,4.0,5.0,0.0,6.0,3.0,8.0,1.0,2.0,2.0,7.0,1.0,4.0,4.0,4.0,1.0,4.0,6.0,2.0,5.0,1.0,9.0,1.0,3.0,3.0,4.0,1.0,3.0,0.0,3.0,4.0,10.0,3.0,7.0,1.0,5.0,2.0,1.0,2.0,2.0,3.0,8.0,9.0,2.0,1.0,4.0,2.0,2.0,0.0,1.0,1.0,3.0,2.0,3.0,3.0,4.0,3.0,1.0,6.0,1.0,2.0,0.0,1.0,1.0,4.0,1.0,2.0,2.0,1.0,3.0,4.0,0.0,2.0,2.0,5.0,2.0,2.0,4.0,1.0,4.0,3.0,6.0,0.0,3.0
g35,1.0,5.0,6.0,2.0,5.0,2.0,10.0,9.0,2.0,8.0,2.0,0.0,3.0,6.0,11.0,13.0,7.0,2.0,8.0,1.0,2.0,4.0,6.0,0.0,2.0,2.0,8.0,1.0,4.0,0.0,4.0,4.0,2.0,3.0,5.0,0.0,3.0,9.0,5.0,2.0,3.0,5.0,3.0,1.0,3.0,6.0,0.0,2.0,12.0,3.0,2.0,3.0,3.0,1.0,1.0,5.0,7.0,7.0,4.0,2.0,2.0,4.0,4.0,5.0,2.0,1.0,6.0,2.0,2.0,1.0,4.0,2.0,6.0,1.0,4.0,4.0,8.0,8.0,3.0,2.0,3.0,0.0,2.0,2.0,1.0,3.0,2.0,2.0,2.0,3.0,6.0,3.0,1.0,2.0,3.0,0.0,3.0,1.0,1.0,0.0
g36,7.0,7.0,7.0,4.0,4.0,10.0,10.0,9.0,4.0,4.0,5.0,1.0,2.0,1.0,3.0,13.0,3.0,1.0,1.0,3.0,5.0,1.0,8.0,9.0,1.0,8.0,0.0,9.0,2.0,6.0,4.0,12.0,2.0,1.0,2.0,6.0,0.0,1.0,5.0,7.0,0.0,4.0,2.0,4.0,1.0,7.0,1.0,1.0,12.0,8.0,2.0,1.0,2.0,2.0,1.0,2.0,1.0,6.0,0.0,1.0,2.0,7.0,3.0,0.0,1.0,2.0,0.0,2.0,3.0,8.0,4.0,2.0,2.0,0.0,0.0,2.0,1.0,1.0,3.0,2.0,4.0,3.0,2.0,1.0,1.0,2.0,5.0,4.0,1.0,0.0,0.0,5.0,4.0,2.0,2.0,4.0,3.0,6.0,0.0,3.0
g37,10.0,1.0,3.0,5.0,6.0,1.0,2.0,0.0,0.0,7.0,2.0,1.0,2.0,10.0,0.0,2.0,8.0,4.0,3.0,7.0,12.0,6.0,7.0,2.0,10.0,4.0,10.0,2.0,6.0,4.0,3.0,8.0,3.0,3.0,6.0,6.0,6.0,2.0,2.0,2.0,3.0,6.0,3.0,1.0,1.0,2.0,6.0,2.0,6.0,2.0,1.0,1.0,0.0,2.0,2.0,5.0,7.0,3.0,2.0,2.0,2.0,2.0,5.0,7.0,3.0,1.0,11.0,1.0,2.0,2.0,1.0,5.0,1.0,2.0,1.0,4.0,2.0,5.0,1.0,1.0,3.0,1.0,1.0,3.0,3.0,2.0,0.0,1.0,2.0,1.0,0.0,0.0,0.0,2.0,0.0,0.0,5.0,3.0,1.0,0.0
g38,2.0,4.0,8.0,6.0,9.0,10.0,8.0,2.0,2.0,2.0,8.0,6.0,3.0,0.0,9.0,2.0,7.0,4.0,4.0,1.0,3.0,5.0,3.0,1.0,2.0,10.0,1.0,5.0,8.0,0.0,1.0,0.0,1.0,4.0,2.0,2.0,1.0,1.0,4.0,4.0,1.0,4.0,0.0,2.0,0.0,2.0,6.0,7.0,6.0,0.0,6.0,0.0,8.0,1.0,6.0,2.0,1.0,2.0,3.0,3.0,0.0,9.0,4.0,3.0,1.0,0.0,4.0,1.0,3.0,1.0,2.0,4.0,1.0,4.0,2.0,3.0,4.0,5.0,1.0,2.0,3.0,0.0,1.0,2.0,0.0,8.0,4.0,3.0,2.0,4.0,3.0,0.0,2.0,11.0,1.0,2.0,2.0,2.0,1.0,2.0
g39,0.0,0.0,4.0,2.0,5.0,8.0,10.0,1.0,2.0,8.0,5.0,8.0,5.0,3.0,1.0,8.0,1.0,8.0,6.0,6.0,1.0,3.0,3.0,13.0,0.0,0.0,1.0,1.0,4.0,1.0,2.0,4.0,2.0,0.0,8.0,2.0,0.0,2.0,10.0,2.0,2.0,2.0,2.0,0.0,1.0,3.0,4.0,8.0,2.0,14.0,0.0,0.0,7.0,0.0,1.0,7.0,3.0,6.0,11.0,2.0,2.0,0.0,1.0,2.0,1.0,5.0,0.0,0.0,3.0,1.0,1.0,11.0,11.0,2.0,5.0,2.0,1.0,9.0,4.0,4.0,3.0,1.0,3.0,0.0,6.0,4.0,8.0,2.0,1.0,1.0,5.0,3.0,0.0,2.0,0.0,2.0,0.0,5.0,2.0,2.0
g40,8.0,1.0,3.0,3.0,4.0,6.0,1.0,2.0,0.0,1.0,0.0,4.0,8.0,7.0,0.0,8.0,1.0,9.0,8.0,1.0,1.0,4.0,1.0,1.0,6.0,2.0,5.0,2.0,1.0,10.0,7.0,2.0,8.0,13.0,0.0,7.0,4.0,0.0,3.0,2.0,3.0,2.0,3.0,5.0,3.0,1.0,5.0,0.0,6.0,5.0,7.0,12.0,1.0,3.0,1.0,5.0,2.0,1.0,2.0,2.0,12.0,5.0,1.0,4.0,4.0,4.0,3.0,4.0,2.0,0.0,0.0,9.0,4.0,2.0,0.0,0.0,1.0,1.0,2.0,0.0,0.0,1.0,5.0,1.0,4.0,2.0,3.0,2.0,3.0,0.0,4.0,2.0,2.0,1.0,2.0,1.0,1.0,0.0,3.0,5.0
g41,2.0,1.0,3.0,1.0,2.0,3.0,6.0,7.0,1.0,5.0,7.0,2.0,0.0,0.0,6.0,3.0,5.0,4.0,1.0,5.0,9.0,5.0,8.0,3.0,4.0,8.0,6.0,0.0,3.0,5.0,8.0,6.0,3.0,2.0,10.0,2.0,3.0,8.0,1.0,2.0,2.0,4.0,1.0,1.0,8.0,3.0,1.0,6.0,2.0,1.0,2.0,7.0,5.0,6.0,2.0,1.0,2.0,2.0,3.0,3.0,2.0,4.0,4.0,1.0,11.0,1.0,0.0,9.0,3.0,0.0,0.0,7.0,1.0,10.0,6.0,5.0,3.0,2.0,2.0,0.0,3.0,2.0,2.0,1.0,1.0,5.0,3.0,1.0,4.0,2.0,1.0,1.0,3.0,2.0,0.0,3.0,1.0,0.0,6.0,1.0
g42,4.0,6.0,3.0,9.0,8.0,4.0,0.0,5.0,8.0,0.0,4.0,12.0,6.0,5.0,9.0,1.0,8.0,0.0,9.0,4.0,2.0,8.0,2.0,2.0,7.0,6.0,2.0,4.0,1.0,11.0,7.0,0.0,3.0,1.0,7.0,9.0,8.0,7.0,2.0,9.0,4.0,6.0,10.0,0.0,0.0,5.0,4.0,4.0,1.0,3.0,1.0,5.0,1.0,9.0,6.0,3.0,0.0,5.0,0.0,1.0,2.0,3.0,2.0,3.0,3.0,4.0,2.0,1.0,2.0,2.0,2.0,1.0,1.0,0.0,0.0,2.0,1.0,9.0,10.0,1.0,1.0,2.0,4.0,2.0,1.0,1.0,1.0,10.0,4.0,1.0,3.0,3.0,3.0,2.0,2.0,3.0,2.0,0.0,3.0,2.0
g43,4.0,2.0,8.0,3.0,2.0,2.0,0.0,0.0,4.0,5.0,2.0,5.0,1.0,6.0,2.0,3.0,2.0,6.0,1.0,2.0,1.0,3.0,2.0,1.0,11.0,3.0,4.0,0.0,4.0,2.0,2.0,0.0,8.0,4.0,2.0,3.0,2.0,16.0,9.0,6.0,3.0,5.0,3.0,3.0,9.0,3.0,1.0,10.0,2.0,1.0,2.0,3.0,4.0,1.0,0.0,10.0,1.0,2.0,3.0,2.0,0.0,5.0,1.0,0.0,7.0,3.0,9.0,0.0,4.0,5.0,1.0,2.0,3.0,1.0,2.0,4.0,6.0,0.0,1.0,1.0,2.0,0.0,3.0,5.0,1.0,12.0,2.0,2.0,3.0,2.0,4.0,2.0,7.0,1.0,2.0,3.0,1.0,1.0,3.0,2.0
g44,1.0,4.0,4.0,9.0,4.0,9.0,1.0,0.0,1.0,3.0,1.0,8.0,9.0,4.0,1.0,7.0,6.0,0.0,5.0,3.0,0.0,1.0,0.0,1.0,1.0,3.0,1.0,1.0,3.0,9.0,3.0,1.0,0.0,0.0,1.0,6.0,0.0,5.0,1.0,3.0,3.0,9.0,2.0,2.0,2.0,8.0,4.0,1.0,2.0,3.0,6.0,1.0,6.0,3.0,1.0,1.0,0.0,1.0,2.0,4.0,3.0,1.0,3.0,6.0,2.0,3.0,1.0,3.0,1.0,1.0,3.0,1.0,4.0,4.0,7.0,1.0,1.0,3.0,3.0,7.0,2.0,4.0,3.0,2.0,9.0,2.0,3.0,2.0,1.0,3.0,2.0,2.0,4.0,0.0,5.0,1.0,1.0,2.0,1.0,1.0
g45,5.0,8.0,2.0,7.0,7.0,0.0,9.0,1.0,7.0,1.0,1.0,1.0,1.0,4.0,5.0,1.0,0.0,3.0,4.0,14.0,11.0,7.0,2.0,0.0,3.0,7.0,6.0,1.0,2.0,7.0,0.0,12.0,9.0,4.0,2.0,1.0,7.0,2.0,12.0,0.0,5.0,4.0,4.0,3.0,1.0,1.0,4.0,1.0,3.0,1.0,3.0,2.0,2.0,3.0,3.0,2.0,1.0,1.0,2.0,2.0,11.0,4.0,4.0,8.0,8.0,2.0,0.0,2.0,1.0,4.0,1.0,0.0,2.0,2.0,1.0,2.0,3.0,2.0,1.0,0.0,2.0,2.0,1.0,3.0,1.0,4.0,3.0,4.0,3.0,0.0,3.0,1.0,0.0,2.0,3.0,3.0,0.0,0.0,3.0,2.0
g46,16.0,6.0,1.0,1.0,1.0,7.0,2.0,10.0,7.0,8.0,7.0,1.0,5.0,3.0,2.0,15.0,4.0,4.0,2.0,2.0,2.0,10.0,3.0,1.0,1.0,3.0,1.0,1.0,8.0,2.0,6.0,4.0,1.0,5.0,1.0,2.0,5.0,7.0,3.0,1.0,9.0,1.0,1.0,6.0,2.0,11.0,3.0,1.0,0.0,6.0,5.0,2.0,2.0,1.0,8.0,1.0,1.0,2.0,3.0,1.0,4.0,8.0,3.0,2.0,4.0,9.0,2.0,3.0,2.0,1.0,2.0,4.0,3.0,5.0,2.0,0.0,11.0,1.0,0.0,0.0,4.0,2.0,4.0,1.0,1.0,1.0,14.0,2.0,7.0,3.0,6.0,4.0,2.0,1.0,2.0,2.0,1.0,0.0,0.0,1.0
g47,3.0,4.0,5.0,7.0,9.0,2.0,1.0,2.0,1.0,9.0,5.0,0.0,0.0,9.0,2.0,2.0,8.0,1.0,0.0,7.0,0.0,2.0,6.0,5.0,10.0,4.0,2.0,5.0,4.0,7.0,2.0,3.0,2.0,0.0,3.0,7.0,4.0,2.0,2.0,2.0,2.0,1.0,4.0,12.0,6.0,2.0,2.0,2.0,0.0,3.0,2.0,2.0,1.0,3.0,5.0,8.0,0.0,5.0,2.0,2.0,1.0,5.0,0.0,1.0,2.0,2.0,3.0,0.0,10.0,0.0,1.0,4.0,6.0,0.0,3.0,0.0,2.0,1.0,4.0,5.0,0.0,0.0,0.0,2.0,4.0,2.0,3.0,0.0,3.0,5.0,2.0,4.0,2.0,3.0,1.0,1.0,1.0,5.0,2.0,3.0
g48,0.0,6.0,10.0,7.0,10.0,1.0,1.0,1.0,5.0,2.0,2.0,3.0,5.0,5.0,8.0,1.0,4.0,0.0,0.0,1.0,4.0,1.0,1.0,7.0,9.0,4.0,0.0,8.0,1.0,11.0,9.0,7.0,5.0,0.0,3.0,4.0,6.0,1.0,6.0,1.0,1.0,1.0,6.0,4.0,9.0,2.0,5.0,3.0,10.0,1.0,2.0,4.0,8.0,1.0,2.0,5.0,3.0,1.0,4.0,0.0,8.0,2.0,2.0,5.0,1.0,1.0,1.0,1.0,2.0,3.0,3.0,2.0,1.0,1.0,4.0,2.0,1.0,1.0,5.0,1.0,3.0,4.0,2.0,2.0,1.0,1.0,1.0,2.0,2.0,0.0,3.0,5.0,1.0,3.0,4.0,4.0,2.0,1.0,0.0,3.0
g49,2.0,2.0,5.0,4.0,1.0,4.0,3.0,6.0,3.0,1.0,7.0,2.0,6.0,2.0,8.0,9.0,9.0,6.0,3.0,10.0,9.0,1.0,1.0,4.0,1.0,1.0,0.0,2.0,6.0,1.0,1.0,3.0,2.0,6.0,5.0,1.0,2.0,4.0,1.0,0.0,1.0,2.0,0.0,10.0,1.0,1.0,7.0,11.0,1.0,0.0,5.0,1.0,6.0,0.0,2.0,2.0,4.0,2.0,2.0,2.0,0.0,5.0,3.0,6.0,8.0,3.0,2.0,1.0,8.0,0.0,2.0,3.0,1.0,2.0,1.0,2.0,1.0,1.0,10.0,3.0,3.0,1.0,1.0,9.0,5.0,1.0,5.0,1.0,2.0,10.0,1.0,7.0,2.0,2.0,2.0,3.0,0.0,4.0,1.0,0.0
g50,1.0,2.0,1.0,1.0,6.0,3.0,4.0,2.0,4.0,3.0,5.0,2.0,1.0,6.0,0.0,5.0,1.0,1.0,5.0,2.0,1.0,3.0,8.0,3.0,2.0,2.0,6.0,1.0,7.0,2.0,2.0,11.0,2.0,3.0,2.0,2.0,2.0,1.0,5.0,1.0,2.0,4.0,13.0,3.0,3.0,9.0,4.0,3.0,4.0,2.0,10.0,2.0,3.0,2.0,0.0,1.0,1.0,1.0,4.0,7.0,0.0,2.0,1.0,2.0,1.0,1.0,1.0,2.0,3.0,2.0,2.0,1.0,1.0,2.0,2.0,3.0,2.0,2.0,2.0,6.0,6.0,5.0,2.0,5.0,0.0,1.0,12.0,4.0,3.0,2.0,6.0,2.0,2.0,0.0,1.0,1.0,0.0,4.0,2.0,0.0
g51,2.0,0.0,3.0,2.0,1.0,1.0,6.0,3.0,9.0,0.0,6.0,6.0,7.0,6.0,9.0,0.0,1.0,8.0,7.0,4.0,9.0,4.0,2.0,2.0,1.0,4.0,10.0,2.0,2.0,5.0,3.0,2.0,7.0,6.0,3.0,3.0,6.0,2.0,3.0,2.0,4.0,2.0,2.0,2.0,2.0,1.0,7.0,7.0,1.0,0.0,6.0,0.0,3.0,2.0,3.0,4.0,1.0,1.0,1.0,2.0,1.0,3.0,9.0,6.0,3.0,1.0,1.0,9.0,3.0,1.0,3.0,2.0,2.0,8.0,2.0,2.0,12.0,4.0,2.0,1.0,1.0,2.0,5.0,2.0,2.0,6.0,2.0,2.0,2.0,6.0,2.0,1.0,3.0,1.0,5.0,5.0,1.0,2.0,1.0,0.0
g52,5.0,8.0,1.0,10.0,0.0,2.0,5.0,10.0,4.0,2.0,2.0,3.0,1.0,8.0,0.0,2.0,4.0,0.0,11.0,13.0,5.0,6.0,12.0,1.0,5.0,1.0,0.0,3.0,9.0,0.0,4.0,6.0,2.0,4.0,2.0,5.0,2.0,4.0,4.0,3.0,8.0,1.0,3.0,7.0,5.0,3.0,1.0,3.0,2.0,2.0,1.0,2.0,2.0,1.0,2.0,4.0,3.0,0.0,4.0,2.0,2.0,2.0,3.0,0.0,1.0,9.0,1.0,2.0,1.0,1.0,1.0,3.0,0.0,1.0,1.0,3.0,4.0,1.0,2.0,4.0,2.0,0.0,3.0,2.0,4.0,0.0,0.0,0.0,2.0,1.0,3.0,1.0,3.0,2.0,1.0,2.0,2.0,1.0,3.0,1.0
g53,5.0,1.0,5.0,2.0,2.0,9.0,2.0,0.0,3.0,2.0,1.0,3.0,5.0,2.0,2.0,6.0,11.0,2.0,0.0,7.0,1.0,1.0,7.0,2.0,1.0,3.0,0.0,4.0,0.0,4.0,0.0,4.0,1.0,7.0,8.0,7.0,9.0,8.0,0.0,1.0,1.0,7.0,6.0,7.0,3.0,2.0,8.0,8.0,2.0,1.0,0.0,2.0,1.0,1.0,9.0,2.0,2.0,4.0,1.0,4.0,10.0,3.0,2.0,2.0,1.0,4.0,4.0,5.0,3.0,13.0,1.0,4.0,0.0,1.0,2.0,0.0,2.0,1.0,2.0,6.0,3.0,3.0,2.0,3.0,2.0,1.0,4.0,6.0,5.0,0.0,1.0,0.0,1.0,1.0,1.0,0.0,3.0,2.0,0.0,1.0
g54,2.0,10.0,5.0,12.0,0.0,1.0,2.0,1.0,1.0,1.0,9.0,13.0,6.0,3.0,7.0,6.0,9.0,7.0,3.0,5.0,2.0,1.0,0.0,6.0,7.0,11.0,6.0,10.0,2.0,3.0,1.0,13.0,7.0,5.0,4.0,5.0,3.0,6.0,2.0,1.0,10.0,4.0,2.0,0.0,1.0,0.0,3.0,0.0,4.0,1.0,4.0,2.0,2.0,3.0,2.0,0.0,5.0,4.0,4.0,5.0,1.0,5.0,1.0,3.0,0.0,1.0,3.0,2.0,3.0,10.0,1.0,2.0,1.0,1.0,7.0,6.0,1.0,2.0,5.0,2.0,0.0,4.0,1.0,1.0,0.0,1.0,3.0,3.0,2.0,0.0,2.0,1.0,3.0,0.0,1.0,3.0,4.0,0.0,2.0,1.0
g55,6.0,2.0,7.0,8.0,7.0,3.0,6.0,8.0,1.0,3.0,3.0,8.0,4.0,1.0,7.0,0.0,10.0,3.0,9.0,8.0,7.0,2.0,1.0,1.0,9.0,7.0,2.0,9.0,2.0,8.0,4.0,6.0,9.0,2.0,2.0,8.0,2.0,1.0,3.0,5.0,2.0,3.0,1.0,4.0,3.0,2.0,3.0,2.0,6.0,1.0,7.0,6.0,10.0,9.0,14.0,0.0,3.0,3.0,3.0,1.0,10.0,3.0,1.0,4.0,2.0,5.0,2.0,1.0,2.0,1.0,5.0,3.0,1.0,6.0,3.0,3.0,5.0,1.0,8.0,3.0,4.0,0.0,1.0,1.0,2.0,1.0,3.0,4.0,2.0,3.0,2.0,2.0,2.0,2.0,4.0,1.0,1.0,1.0,5.0,4.0
g56,1.0,2.0,4.0,2.0,8.0,12.0,3.0,4.0,2.0,2.0,1.0,6.0,10.0,2.0,6.0,8.0,5.0,10.0,7.0,3.0,4.0,3.0,4.0,0.0,7.0,10.0,4.0,0.0,1.0,2.0,1.0,6.0,1.0,1.0,6.0,2.0,12.0,8.0,8.0,1.0,1.0,5.0,7.0,5.0,5.0,2.0,3.0,3.0,1.0,1.0,4.0,3.0,7.0,6.0,3.0,1.0,3.0,0.0,1.0,3.0,0.0,2.0,3.0,4.0,1.0,8.0,0.0,10.0,1.0,3.0,2.0,0.0,2.0,2.0,4.0,3.0,5.0,2.0,4.0,8.0,5.0,0.0,1.0,2.0,2.0,1.0,3.0,6.0,5.0,0.0,2.0,0.0,3.0,1.0,4.0,2.0,3.0,0.0,2.0,2.0
g57,1.0,4.0,1.0,9.0,1.0,3.0,2.0,0.0,6.0,9.0,1.0,3.0,4.0,4.0,10.0,5.0,6.0,0.0,4.0,7.0,3.0,2.0,6.0,2.0,1.0,5.0,9.0,3.0,6.0,3.0,7.0,4.0,3.0,2.0,7.0,1.0,7.0,6.0,9.0,5.0,1.0,2.0,1.0,2.0,1.0,0.0,1.0,4.0,0.0,3.0,3.0,1.0,2.0,3.0,4.0,3.0,5.0,1.0,2.0,2.0,2.0,7.0,2.0,2.0,5.0,2.0,2.0,3.0,1.0,3.0,1.0,10.0,2.0,2.0,2.0,5.0,3.0,0.0,1.0,5.0,0.0,2.0,4.0,3.0,0.0,1.0,3.0,3.0,2.0,1.0,1.0,0.0,3.0,2.0,2.0,3.0,1.0,1.0,3.0,3.0
g58,8.0,5.0,0.0,8.0,2.0,2.0,3.0,2.0,6.0,3.0,3.0,7.0,5.0,1.0,4.0,1.0,3.0,2.0,2.0,4.0,10.0,11.0,0.0,11.0,9.0,1.0,1.0,2.0,1.0,0.0,3.0,7.0,7.0,2.0,6.0,4.0,3.0,5.0,0.0,3.0,3.0,2.0,4.0,8.0,2.0,3.0,2.0,4.0,5.0,5.0,5.0,3.0,2.0,10.0,4.0,4.0,5.0,3.0,3.0,1.0,5.0,8.0,5.0,2.0,5.0,0.0,5.0,0.0,2.0,2.0,3.0,1.0,1.0,0.0,4.0,1.0,1.0,2.0,0.0,2.0,2.0,7.0,0.0,4.0,5.0,2.0,1.0,1.0,2.0,1.0,2.0,10.0,2.0,2.0,1.0,5.0,0.0,3.0,0.0,2.0
g59,3.0,2.0,2.0,4.0,3.0,2.0,0.0,4.0,8.0,2.0,2.0,4.0,1.0,2.0,6.0,4.0,12.0,3.0,1.0,9.0,9.0,2.0,1.0,8.0,9.0,2.0,2.0,3.0,1.0,3.0,5.0,9.0,2.0,1.0,10.0,2.0,1.0,4.0,2.0,3.0,1.0,2.0,4.0,2.0,8.0,6.0,2.0,3.0,2.0,1.0,2.0,2.0,1.0,4.0,0.0,4.0,5.0,2.0,5.0,4.0,2.0,1.0,0.0,7.0,2.0,0.0,4.0,1.0,5.0,7.0,2.0,5.0,1.0,0.0,3.0,11.0,3.0,2.0,0.0,2.0,1.0,3.0,3.0,1.0,0.0,3.0,5.0,6.0,2.0,7.0,2.0,2.0,0.0,3.0,1.0,2.0,2.0,3.0,1.0,1.0
g60,8.0,4.0,3.0,1.0,4.0,0.0,2.0,12.0,3.0,10.0,2.0,10.0,3.0,0.0,1.0,6.0,4.0,5.0,3.0,3.0,5.0,2.0,9.0,3.0,1.0,5.0,17.0,9.0,7.0,7.0,1.0,5.0,2.0,2.0,3.0,2.0,2.0,4.0,5.0,14.0,5.0,1.0,0.0,0.0,1.0,0.0,10.0,1.0,4.0,2.0,4.0,8.0,7.0,2.0,4.0,1.0,2.0,9.0,5.0,1.0,6.0,3.0,3.0,3.0,0.0,1.0,0.0,0.0,1.0,10.0,2.0,5.0,2.0,3.0,2.0,1.0,2.0,1.0,0.0,4.0,1.0,3.0,1.0,2.0,2.0,1.0,2.0,0.0,2.0,1.0,1.0,0.0,3.0,1.0,2.0,1.0,5.0,1.0,4.0,1.0
g61,7.0,3.0,3.0,11.0,3.0,2.0,6.0,2.0,8.0,9.0,9.0,2.0,7.0,5.0,2.0,1.0,2.0,5.0,3.0,3.0,1.0,3.0,6.0,10.0,1.0,8.0,0.0,0.0,8.0,1.0,2.0,9.0,5.0,11.0,9.0,7.0,2.0,0.0,2.0,1.0,4.0,0.0,9.0,6.0,10.0,2.0,2.0,1.0,5.0,2.0,2.0,2.0,3.0,2.0,1.0,11.0,2.0,3.0,2.0,3.0,3.0,7.0,5.0,4.0,3.0,2.0,1.0,5.0,0.0,0.0,3.0,4.0,2.0,8.0,4.0,0.0,3.0,2.0,2.0,8.0,2.0,2.0,5.0,3.0,0.0,4.0,1.0,5.0,1.0,5.0,7.0,1.0,3.0,1.0,1.0,2.0,3.0,1.0,4.0,0.0
g62,6.0,4.0,10.0,6.0,5.0,6.0,3.0,3.0,4.0,4.0,3.0,6.0,3.0,6.0,7.0,7.0,2.0,9.0,8.0,13.0,5.0,11.0,7.0,10.0,1.0,4.0,8.0,4.0,2.0,3.0,1.0,11.0,8.0,6.0,1.0,6.0,1.0,11.0,2.0,2.0,1.0,1.0,1.0,1.0,2.0,2.0,2.0,0.0,7.0,4.0,5.0,5.0,4.0,0.0,3.0,6.0,2.0,6.0,5.0,3.0,3.0,0.0,3.0,1.0,1.0,2.0,6.0,8.0,3.0,2.0,13.0,3.0,1.0,2.0,2.0,2.0,1.0,5.0,7.0,1.0,2.0,2.0,2.0,0.0,2.0,5.0,2.0,2.0,2.0,8.0,2.0,4.0,4.0,3.0,2.0,1.0,1.0,2.0,3.0,2.0
g63,2.0,5.0,8.0,9.0,4.0,4.0,1.0,1.0,0.0,1.0,2.0,4.0,2.0,2.0,4.0,1.0,1.0,8.0,4.0,2.0,1.0,6.0,4.0,5.0,2.0,0.0,1.0,1.0,0.0,0.0,11.0,1.0,8.0,0.0,4.0,10.0,2.0,2.0,1.0,5.0,1.0,5.0,0.0,11.0,1.0,5.0,0.0,1.0,2.0,7.0,0.0,3.0,3.0,3.0,1.0,1.0,2.0,0.0,2.0,2.0,6.0,0.0,7.0,2.0,1.0,1.0,1.0,3.0,9.0,3.0,7.0,2.0,1.0,6.0,1.0,3.0,1.0,2.0,1.0,0.0,2.0,5.0,2.0,1.0,3.0,1.0,2.0,3.0,6.0,4.0,2.0,2.0,0.0,2.0,4.0,1.0,2.0,1.0,3.0,4.0
g64,1.0,4.0,2.0,6.0,4.0,10.0,7.0,4.0,6.0,4.0,5.0,7.0,1.0,5.0,8.0,1.0,3.0,9.0,9.0,7.0,2.0,4.0,8.0,2.0,2.0,2.0,1.0,12.0,2.0,1.0,1.0,12.0,4.0,2.0,6.0,2.0,0.0,3.0,5.0,0.0,0.0,4.0,4.0,8.0,3.0,3.0,2.0,5.0,6.0,4.0,5.0,7.0,3.0,1.0,2.0,2.0,2.0,5.0,2.0,3.0,2.0,2.0,1.0,2.0,2.0,4.0,1.0,3.0,1.0,2.0,2.0,0.0,1.0,3.0,3.0,2.0,1.0,1.0,0.0,1.0,2.0,0.0,3.0,2.0,4.0,1.0,4.0,2.0,1.0,5.0,5.0,2.0,2.0,3.0,3.0,2.0,3.0,2.0,0.0,2.0
g65,4.0,7.0,4.0,2.0,2.0,0.0,9.0,2.0,5.0,9.0,2.0,0.0,3.0,10.0,6.0,4.0,7.0,7.0,0.0,8.0,3.0,4.0,0.0,6.0,8.0,2.0,2.0,4.0,3.0,3.0,1.0,1.0,2.0,3.0,5.0,2.0,1.0,4.0,1.0,0.0,7.0,0.0,9.0,3.0,3.0,3.0,6.0,2.0,2.0,4.0,5.0,2.0,2.0,3.0,3.0,1.0,2.0,1.0,3.0,0.0,3.0,2.0,2.0,5.0,6.0,2.0,3.0,2.0,11.0,3.0,0.0,3.0,2.0,4.0,2.0,4.0,4.0,2.0,2.0,3.0,2.0,2.0,3.0,3.0,2.0,2.0,2.0,4.0,4.0,3.0,2.0,4.0,2.0,2.0,6.0,1.0,0.0,1.0,1.0,2.0
g66,0.0,11.0,4.0,3.0,9.0,4.0,10.0,9.0,12.0,1.0,5.0,8.0,0.0,2.0,7.0,0.0,2.0,1.0,0.0,9.0,9.0,10.0,6.0,3.0,2.0,3.0,3.0,8.0,3.0,6.0,4.0,1.0,7.0,7.0,11.0,1.0,2.0,4.0,6.0,3.0,7.0,4.0,2.0,3.0,1.0,3.0,1.0,1.0,1.0,4.0,2.0,0.0,9.0,8.0,1.0,1.0,3.0,0.0,1.0,1.0,8.0,2.0,1.0,2.0,1.0,6.0,2.0,4.0,6.0,7.0,3.0,3.0,1.0,3.0,2.0,9.0,1.0,1.0,0.0,3.0,14.0,3.0,1.0,1.0,1.0,6.0,3.0,1.0,4.0,8.0,1.0,2.0,0.0,2.0,0.0,1.0,3.0,3.0,2.0,1.0
g67,0.0,2.0,1.0,2.0,8.0,2.0,10.0,0.0,1.0,4.0,4.0,1.0,5.0,5.0,11.0,4.0,3.0,2.0,2.0,2.0,3.0,7.0,1.0,3.0,8.0,7.0,7.0,0.0,3.0,3.0,0.0,3.0,4.0,1.0,6.0,10.0,5.0,5.0,3.0,0.0,2.0,1.0,9.0,1.0,3.0,2.0,3.0,11.0,11.0,1.0,2.0,11.0,3.0,3.0,2.0,0.0,7.0,8.0,2.0,0.0,3.0,9.0,1.0,4.0,0.0,3.0,3.0,3.0,3.0,2.0,1.0,3.0,1.0,3.0,3.0,3.0,2.0,3.0,1.0,2.0,1.0,4.0,3.0,4.0,4.0,4.0,4.0,1.0,0.0,0.0,4.0,9.0,0.0,1.0,2.0,1.0,1.0,6.0,1.0,2.0
g68,2.0,8.0,1.0,8.0,6.0,5.0,5.0,10.0,5.0,1.0,7.0,9.0,7.0,7.0,9.0,2.0,1.0,6.0,7.0,1.0,4.0,10.0,1.0,2.0,7.0,10.0,2.0,1.0,2.0,3.0,3.0,4.0,12.0,4.0,6.0,10.0,11.0,4.0,2.0,0.0,5.0,2.0,1.0,3.0,4.0,1.0,1.0,7.0,4.0,1.0,2.0,3.0,14.0,3.0,2.0,14.0,2.0,1.0,1.0,0.0,0.0,2.0,1.0,3.0,2.0,1.0,5.0,2.0,4.0,2.0,2.0,1.0,1.0,1.0,1.0,2.0,2.0,4.0,3.0,4.0,5.0,3.0,2.0,1.0,3.0,2.0,0.0,4.0,3.0,2.0,0.0,1.0,6.0,1.0,3.0,2.0,4.0,0.0,2.0,3.0
g69,5.0,3.0,1.0,4.0,2.0,1.0,1.0,11.0,1.0,3.0,4.0,2.0,5.0,4.0,4.0,1.0,2.0,7.0,8.0,8.0,8.0,3.0,1.0,2.0,6.0,3.0,2.0,11.0,3.0,2.0,10.0,7.0,6.0,1.0,5.0,2.0,4.0,8.0,2.0,2.0,6.0,1.0,1.0,13.0,0.0,3.0,4.0,6.0,3.0,0.0,0.0,2.0,9.0,0.0,1.0,0.0,6.0,8.0,5.0,9.0,1.0,4.0,4.0,5.0,1.0,2.0,2.0,2.0,4.0,0.0,3.0,1.0,2.0,3.0,5.0,1.0,1.0,0.0,1.0,2.0,1.0,2.0,3.0,3.0,2.0,2.0,0.0,1.0,1.0,2.0,6.0,1.0,1.0,3.0,4.0,1.0,2.0,2.0,1.0,1.0
g70,0.0,1.0,2.0,5.0,2.0,6.0,6.0,3.0,1.0,6.0,7.0,0.0,6.0,7.0,1.0,0.0,10.0,7.0,5.0,7.0,8.0,6.0,10.0,0.0,2.0,5.0,7.0,4.0,2.0,10.0,0.0,6.0,1.0,2.0,2.0,2.0,7.0,0.0,4.0,6.0,0.0,1.0,1.0,0.0,2.0,2.0,2.0,2.0,3.0,10.0,0.0,9.0,0.0,4.0,0.0,12.0,4.0,0.0,0.0,7.0,3.0,1.0,1.0,2.0,4.0,1.0,1.0,0.0,1.0,0.0,1.0,11.0,8.0,10.0,4.0,3.0,2.0,1.0,3.0,3.0,2.0,1.0,2.0,2.0,4.0,1.0,0.0,7.0,1.0,2.0,1.0,7.0,4.0,4.0,0.0,1.0,3.0,5.0,3.0,1.0
g71,1.0,9.0,8.0,4.0,9.0,0.0,3.0,12.0,3.0,9.0,10.0,1.0,7.0,3.0,13.0,1.0,4.0,3.0,4.0,2.0,1.0,4.0,5.0,2.0,2.0,9.0,11.0,2.0,1.0,7.0,3.0,1.0,4.0,7.0,0.0,5.0,3.0,2.0,0.0,0.0,9.0,1.0,1.0,1.0,4.0,1.0,6.0,3.0,0.0,1.0,6.0,2.0,2.0,2.0,1.0,1.0,4.0,1.0,8.0,2.0,2.0,2.0,11.0,6.0,6.0,2.0,1.0,0.0,2.0,1.0,1.0,1.0,1.0,2.0,0.0,1.0,3.0,1.0,2.0,1.0,0.0,3.0,7.0,7.0,3.0,8.0,3.0,3.0,3.0,0.0,0.0,1.0,2.0,1.0,7.0,1.0,0.0,2.0,6.0,3.0
g72,2.0,2.0,5.0,5.0,2.0,1.0,6.0,10.0,7.0,7.0,1.0,2.0,7.0,1.0,3.0,3.0,2.0,9.0,9.0,3.0,1.0,7.0,2.0,2.0,3.0,2.0,6.0,2.0,0.0,1.0,1.0,3.0,1.0,1.0,12.0,1.0,2.0,3.0,5.0,3.0,4.0,12.0,0.0,5.0,5.0,4.0,3.0,3.0,4.0,2.0,0.0,0.0,1.0,1.0,1.0,3.0,2.0,6.0,2.0,1.0,3.0,7.0,5.0,2.0,2.0,4.0,1.0,0.0,3.0,1.0,1.0,4.0,2.0,4.0,14.0,1.0,3.0,4.0,4.0,1.0,4.0,0.0,0.0,0.0,6.0,4.0,2.0,2.0,1.0,5.0,1.0,1.0,2.0,2.0,2.0,2.0,1.0,7.0,4.0,4.0
g73,12.0,7.0,1.0,11.0,6.0,2.0,1.0,1.0,2.0,4.0,2.0,6.0,9.0,1.0,7.0,6.0,0.0,3.0,3.0,2.0,0.0,4.0,12.0,3.0,3.0,9.0,6.0,2.0,2.0,6.0,2.0,2.0,7.0,2.0,8.0,2.0,2.0,3.0,6.0,9.0,2.0,4.0,1.0,3.0,1.0,1.0,2.0,3.0,14.0,3.0,2.0,2.0,2.0,1.0,1.0,13.0,3.0,3.0,10.0,7.0,2.0,7.0,2.0,1.0,2.0,0.0,3.0,3.0,3.0,3.0,1.0,1.0,5.0,2.0,0.0,0.0,0.0,2.0,1.0,3.0,1.0,2.0,3.0,1.0,4.0,1.0,2.0,1.0,4.0,4.0,0.0,3.0,1.0,2.0,0.0,2.0,3.0,0.0,4.0,0.0
g74,7.0,7.0,7.0,10.0,2.0,0.0,1.0,2.0,5.0,4.0,7.0,4.0,6.0,6.0,6.0,3.0,4.0,2.0,8.0,3.0,2.0,0.0,1.0,2.0,4.0,1.0,9.0,9.0,2.0,5.0,3.0,1.0,2.0,3.0,0.0,2.0,7.0,2.0,6.0,1.0,1.0,2.0,2.0,8.0,12.0,2.0,3.0,0.0,3.0,8.0,1.0,5.0,1.0,3.0,4.0,9.0,16.0,1.0,4.0,4.0,4.0,1.0,3.0,7.0,7.0,1.0,2.0,3.0,2.0,4.0,3.0,0.0,1.0,1.0,9.0,5.0,2.0,2.0,6.0,2.0,3.0,2.0,5.0,0.0,0.0,0.0,1.0,3.0,1.0,3.0,1.0,3.0,1.0,4.0,1.0,11.0,6.0,3.0,1.0,1.0
g75,2.0,2.0,7.0,6.0,13.0,5.0,1.0,1.0,2.0,0.0,8.0,3.0,0.0,4.0,1.0,0.0,4.0,3.0,1.0,8.0,2.0,3.0,1.0,8.0,2.0,5.0,6.0,7.0,7.0,5.0,1.0,3.0,0.0,6.0,0.0,2.0,7.0,2.0,5.0,1.0,7.0,1.0,1.0,0.0,2.0,3.0,2.0,12.0,9.0,7.0,0.0,2.0,5.0,4.0,5.0,1.0,1.0,13.0,3.0,0.0,5.0,5.0,1.0,2.0,0.0,3.0,1.0,2.0,2.0,6.0,6.0,1.0,7.0,7.0,0.0,5.0,2.0,2.0,2.0,2.0,1.0,1.0,1.0,0.0,4.0,3.0,2.0,5.0,4.0,3.0,3.0,2.0,1.0,4.0,3.0,2.0,5.0,3.0,1.0,1.0
g76,8.0,0.0,10.0,1.0,4.0,10.0,9.0,2.0,2.0,6.0,1.0,4.0,3.0,0.0,2.0,3.0,8.0,10.0,0.0,4.0,2.0,1.0,0.0,1.0,8.0,1.0,8.0,2.0,2.0,4.0,6.0,2.0,2.0,5.0,4.0,1.0,1.0,1.0,3.0,3.0,12.0,11.0,2.0,9.0,0.0,2.0,5.0,1.0,0.0,1.0,7.0,4.0,5.0,1.0,2.0,2.0,7.0,4.0,3.0,8.0,1.0,4.0,0.0,4.0,4.0,1.0,1.0,1.0,4.0,0.0,2.0,2.0,2.0,4.0,4.0,4.0,2.0,4.0,3.0,2.0,4.0,2.0,2.0,1.0,2.0,0.0,8.0,1.0,2.0,3.0,3.0,2.0,3.0,2.0,2.0,1.0,2.0,0.0,1.0,2.0
g77,7.0,1.0,3.0,3.0,5.0,2.0,12.0,2.0,9.0,3.0,7.0,1.0,2.0,1.0,7.0,2.0,0.0,2.0,1.0,5.0,2.0,4.0,5.0,1.0,0.0,1.0,4.0,7.0,1.0,1.0,9.0,2.0,8.0,2.0,11.0,11.0,3.0,4.0,6.0,2.0,7.0,5.0,1.0,0.0,3.0,3.0,1.0,7.0,1.0,2.0,1.0,0.0,2.0,5.0,0.0,2.0,3.0,2.0,2.0,10.0,2.0,3.0,1.0,11.0,2.0,7.0,4.0,2.0,1.0,2.0,1.0,11.0,2.0,0.0,1.0,4.0,3.0,0.0,1.0,0.0,3.0,9.0,2.0,0.0,2.0,3.0,1.0,3.0,4.0,4.0,3.0,3.0,1.0,2.0,1.0,2.0,4.0,0.0,2.0,2.0
g78,8.0,8.0,1.0,11.0,5.0,5.0,1.0,2.0,3.0,12.0,8.0,9.0,3.0,2.0,4.0,4.0,2.0,2.0,0.0,1.0,2.0,1.0,4.0,3.0,2.0,2.0,4.0,6.0,9.0,2.0,3.0,4.0,1.0,1.0,4.0,2.0,6.0,3.0,5.0,0.0,5.0,0.0,5.0,1.0,4.0,17.0,7.0,1.0,2.0,6.0,3.0,4.0,1.0,5.0,6.0,1.0,1.0,2.0,8.0,2.0,1.0,6.0,2.0,5.0,1.0,4.0,2.0,1.0,4.0,1.0,1.0,2.0,4.0,1.0,3.0,2.0,2.0,4.0,1.0,1.0,2.0,2.0,3.0,1.0,3.0,1.0,1.0,3.0,10.0,5.0,0.0,6.0,1.0,2.0,4.0,3.0,3.0,1.0,2.0,4.0
g79,0.0,5.0,12.0,1.0,7.0,11.0,3.0,14.0,9.0,3.0,6.0,6.0,10.0,5.0,1.0,3.0,2.0,8.0,1.0,2.0,5.0,3.0,5.0,0.0,1.0,7.0,4.0,2.0,8.0,3.0,0.0,7.0,2.0,1.0,12.0,5.0,2.0,0.0,3.0,10.0,4.0,8.0,3.0,1.0,2.0,1.0,7.0,3.0,3.0,4.0,1.0,5.0,2.0,2.0,1.0,3.0,2.0,3.0,1.0,0.0,1.0,5.0,3.0,8.0,1.0,7.0,1.0,1.0,2.0,0.0,1.0,4.0,1.0,4.0,1.0,1.0,1.0,1.0,1.0,5.0,6.0,0.0,3.0,1.0,4.0,6.0,2.0,4.0,0.0,2.0,2.0,1.0,3.0,3.0,4.0,4.0,1.0,2.0,4.0,1.0
g80,2.0,7.0,0.0,2.0,7.0,0.0,5.0,4.0,5.0,10.0,5.0,2.0,9.0,5.0,0.0,11.0,8.0,5.0,1.0,4.0,7.0,6.0,8.0,2.0,1.0,1.0,3.0,3.0,9.0,2.0,10.0,5.0,0.0,1.0,2.0,5.0,8.0,1.0,3.0,5.0,0.0,2.0,10.0,7.0,1.0,10.0,3.0,4.0,1.0,0.0,3.0,7.0,4.0,1.0,7.0,3.0,8.0,2.0,2.0,2.0,7.0,3.0,2.0,1.0,0.0,1.0,2.0,2.0,3.0,1.0,0.0,1.0,3.0,4.0,0.0,3.0,8.0,1.0,1.0,1.0,5.0,1.0,6.0,2.0,3.0,3.0,9.0,2.0,1.0,1.0,2.0,2.0,1.0,0.0,0.0,1.0,7.0,0.0,2.0,1.0
g81,8.0,2.0,5.0,3.0,7.0,6.0,2.0,10.0,2.0,3.0,3.0,0.0,5.0,1.0,3.0,3.0,3.0,0.0,4.0,9.0,1.0,5.0,4.0,4.0,2.0,9.0,10.0,1.0,5.0,3.0,2.0,6.0,9.0,0.0,5.0,4.0,5.0,3.0,4.0,8.0,3.0,1.0,0.0,7.0,2.0,2.0,3.0,3.0,3.0,9.0,9.0,3.0,3.0,1.0,2.0,12.0,0.0,10.0,1.0,3.0,2.0,10.0,1.0,7.0,0.0,1.0,1.0,1.0,10.0,2.0,1.0,5.0,2.0,1.0,3.0,3.0,4.0,1.0,4.0,2.0,1.0,3.0,6.0,4.0,2.0,0.0,3.0,5.0,2.0,3.0,1.0,1.0,1.0,4.0,1.0,3.0,11.0,1.0,2.0,1.0
g82,4.0,2.0,2.0,3.0,7.0,1.0,0.0,9.0,3.0,1.0,2.0,1.0,2.0,6.0,9.0,2.0,2.0,3.0,2.0,0.0,6.0,9.0,2.0,7.0,4.0,2.0,4.0,2.0,0.0,3.0,13.0,9.0,2.0,6.0,5.0,3.0,1.0,2.0,7.0,5.0,2.0,1.0,4.0,1.0,2.0,9.0,0.0,2.0,0.0,4.0,2.0,0.0,0.0,5.0,2.0,1.0,2.0,1.0,2.0,1.0,3.0,0.0,0.0,1.0,3.0,3.0,2.0,2.0,3.0,3.0,2.0,5.0,7.0,1.0,1.0,0.0,3.0,2.0,3.0,3.0,2.0,4.0,0.0,0.0,3.0,1.0,1.0,3.0,0.0,5.0,1.0,1.0,3.0,2.0,4.0,5.0,0.0,0.0,1.0,1.0
g83,3.0,6.0,15.0,10.0,2.0,2.0,9.0,2.0,6.0,8.0,6.0,3.0,4.0,1.0,3.0,5.0,7.0,6.0,9.0,1.0,6.0,2.0,8.0,3.0,0.0,4.0,4.0,5.0,3.0,1.0,2.0,4.0,4.0,2.0,0.0,6.0,10.0,1.0,0.0,5.0,4.0,9.0,4.0,1.0,1.0,3.0,2.0,6.0,2.0,2.0,6.0,7.0,3.0,10.0,5.0,1.0,3.0,1.0,10.0,1.0,1.0,1.0,9.0,5.0,1.0,2.0,2.0,0.0,1.0,1.0,2.0,10.0,2.0,2.0,1.0,2.0,1.0,0.0,2.0,1.0,9.0,4.0,1.0,5.0,3.0,0.0,1.0,1.0,1.0,3.0,0.0,0.0,1.0,4.0,5.0,3.0,2.0,1.0,5.0,0.0
g84,2.0,2.0,11.0,4.0,7.0,13.0,0.0,2.0,3.0,2.0,3.0,10.0,4.0,3.0,3.0,5.0,6.0,14.0,1.0,0.0,0.0,2.0,0.0,3.0,5.0,7.0,1.0,2.0,8.0,6.0,5.0,2.0,2.0,6.0,10.0,3.0,6.0,3.0,2.0,1.0,0.0,3.0,8.0,7.0,2.0,9.0,5.0,7.0,0.0,0.0,2.0,8.0,2.0,8.0,1.0,1.0,2.0,1.0,2.0,8.0,6.0,1.0,3.0,1.0,2.0,2.0,3.0,1.0,2.0,2.0,2.0,1.0,0.0,1.0,2.0,6.0,3.0,1.0,9.0,2.0,9.0,0.0,2.0,6.0,2.0,2.0,0.0,4.0,1.0,1.0,3.0,2.0,4.0,1.0,1.0,4.0,4.0,5.0,1.0,0.0
g85,4.0,5.0,1.0,4.0,6.0,8.0,5.0,5.0,7.0,4.0,5.0,4.0,0.0,4.0,1.0,2.0,0.0,1.0,2.0,1.0,1.0,1.0,2.0,5.0,0.0,3.0,5.0,1.0,2.0,1.0,5.0,0.0,11.0,2.0,1.0,3.0,9.0,8.0,7.0,2.0,2.0,3.0,10.0,1.0,2.0,7.0,12.0,8.0,2.0,5.0,7.0,11.0,2.0,1.0,2.0,2.0,2.0,2.0,6.0,5.0,3.0,12.0,3.0,2.0,3.0,2.0,3.0,1.0,1.0,7.0,7.0,3.0,3.0,3.0,2.0,1.0,2.0,2.0,7.0,1.0,2.0,1.0,6.0,1.0,1.0,6.0,2.0,1.0,2.0,2.0,0.0,3.0,2.0,4.0,3.0,3.0,1.0,1.0,5.0,1.0
g86,1.0,3.0,2.0,6.0,1.0,9.0,1.0,12.0,1.0,8.0,0.0,1.0,9.0,5.0,7.0,6.0,4.0,2.0,3.0,2.0,0.0,5.0,1.0,4.0,2.0,2.0,5.0,1.0,1.0,2.0,3.0,1.0,2.0,9.0,0.0,5.0,5.0,10.0,2.0,3.0,0.0,3.0,0.0,2.0,0.0,6.0,9.0,5.0,1.0,3.0,3.0,0.0,2.0,4.0,4.0,0.0,1.0,2.0,7.0,8.0,1.0,3.0,2.0,9.0,1.0,3.0,1.0,8.0,1.0,1.0,1.0,3.0,2.0,2.0,2.0,1.0,4.0,4.0,0.0,2.0,2.0,4.0,4.0,1.0,3.0,2.0,3.0,0.0,2.0,2.0,4.0,0.0,3.0,6.0,1.0,3.0,1.0,3.0,1.0,3.0
g87,5.0,4.0,3.0,2.0,5.0,5.0,1.0,3.0,7.0,10.0,6.0,8.0,3.0,8.0,8.0,7.0,1.0,0.0,2.0,1.0,5.0,11.0,2.0,4.0,1.0,1.0,1.0,4.0,3.0,11.0,1.0,3.0,2.0,7.0,2.0,0.0,1.0,3.0,3.0,2.0,2.0,5.0,3.0,5.0,1.0,1.0,2.0,5.0,5.0,6.0,4.0,6.0,0.0,1.0,5.0,0.0,3.0,4.0,4.0,1.0,2.0,1.0,5.0,1.0,5.0,0.0,2.0,1.0,8.0,1.0,10.0,6.0,1.0,6.0,5.0,6.0,2.0,12.0,2.0,4.0,4.0,2.0,1.0,2.0,2.0,1.0,4.0,2.0,0.0,3.0,1.0,4.0,2.0,4.0,5.0,2.0,0.0,4.0,1.0,3.0
g88,3.0,8.0,6.0,3.0,1.0,5.0,9.0,8.0,2.0,1.0,1.0,3.0,9.0,1.0,6.0,0.0,8.0,2.0,10.0,5.0,1.0,2.0,5.0,1.0,5.0,7.0,3.0,9.0,3.0,2.0,8.0,2.0,7.0,3.0,0.0,0.0,3.0,5.0,4.0,2.0,4.0,2.0,1.0,1.0,0.0,0.0,0.0,1.0,0.0,7.0,6.0,2.0,4.0,1.0,3.0,2.0,10.0,4.0,4.0,7.0,3.0,6.0,0.0,2.0,6.0,4.0,3.0,0.0,8.0,2.0,3.0,3.0,2.0,1.0,1.0,2.0,3.0,1.0,1.0,0.0,2.0,5.0,1.0,2.0,1.0,1.0,1.0,2.0,2.0,1.0,0.0,0.0,4.0,3.0,3.0,2.0,1.0,3.0,2.0,2.0
g89,10.0,2.0,2.0,3.0,3.0,3.0,4.0,0.0,2.0,2.0,8.0,3.0,0.0,7.0,0.0,6.0,6.0,2.0,6.0,5.0,6.0,7.0,7.0,1.0,1.0,3.0,5.0,5.0,5.0,5.0,2.0,1.0,0.0,0.0,0.0,2.0,2.0,14.0,2.0,2.0,10.0,2.0,7.0,7.0,7.0,1.0,2.0,3.0,3.0,2.0,0.0,1.0,3.0,10.0,2.0,4.0,3.0,1.0,4.0,3.0,2.0,2.0,2.0,7.0,9.0,9.0,1.0,1.0,1.0,2.0,3.0,2.0,9.0,7.0,1.0,7.0,1.0,6.0,5.0,5.0,2.0,2.0,1.0,4.0,7.0,5.0,2.0,4.0,3.0,2.0,2.0,1.0,2.0,5.0,0.0,0.0,3.0,2.0,2.0,4.0
g90,2.0,10.0,11.0,0.0,3.0,1.0,8.0,4.0,2.0,2.0,2.0,0.0,7.0,2.0,2.0,4.0,3.0,11.0,2.0,9.0,0.0,6.0,1.0,6.0,3.0,0.0,4.0,3.0,4.0,11.0,5.0,2.0,2.0,1.0,6.0,2.0,2.0,0.0,3.0,7.0,3.0,1.0,9.0,6.0,3.0,0.0,1.0,7.0,9.0,4.0,0.0,20.0,0.0,0.0,0.0,9.0,0.0,4.0,1.0,2.0,2.0,1.0,3.0,1.0,0.0,3.0,4.0,1.0,2.0,2.0,2.0,0.0,2.0,0.0,6.0,4.0,1.0,1.0,1.0,2.0,3.0,1.0,3.0,4.0,1.0,2.0,3.0,3.0,0.0,2.0,3.0,4.0,2.0,1.0,3.0,2.0,1.0,4.0,5.0,2.0
g91,1.0,7.0,3.0,8.0,3.0,0.0,4.0,5.0,3.0,6.0,9.0,8.0,3.0,10.0,2.0,5.0,6.0,3.0,7.0,2.0,3.0,2.0,1.0,4.0,3.0,6.0,4.0,1.0,10.0,2.0,6.0,1.0,1.0,4.0,1.0,1.0,3.0,3.0,2.0,1.0,3.0,1.0,1.0,3.0,1.0,9.0,3.0,4.0,3.0,3.0,0.0,3.0,2.0,4.0,8.0,1.0,0.0,2.0,0.0,2.0,6.0,1.0,4.0,4.0,3.0,8.0,0.0,5.0,0.0,3.0,2.0,0.0,1.0,3.0,1.0,2.0,1.0,2.0,3.0,1.0,2.0,7.0,2.0,2.0,3.0,1.0,0.0,2.0,4.0,2.0,2.0,2.0,2.0,1.0,0.0,0.0,2.0,2.0,1.0,0.0
g92,1.0,2.0,9.0,1.0,4.0,1.0,9.0,1.0,3.0,1.0,3.0,1.0,9.0,0.0,0.0,5.0,2.0,8.0,4.0,3.0,3.0,2.0,6.0,2.0,1.0,3.0,6.0,4.0,6.0,9.0,9.0,9.0,7.0,1.0,7.0,2.0,4.0,1.0,1.0,4.0,5.0,2.0,2.0,7.0,4.0,8.0,3.0,4.0,3.0,7.0,1.0,3.0,1.0,0.0,10.0,12.0,2.0,3.0,12.0,3.0,4.0,2.0,2.0,3.0,1.0,5.0,1.0,2.0,3.0,6.0,0.0,2.0,2.0,2.0,1.0,1.0,0.0,1.0,4.0,3.0,7.0,4.0,1.0,4.0,1.0,2.0,2.0,0.0,2.0,2.0,2.0,1.0,12.0,3.0,3.0,3.0,4.0,0.0,3.0,2.0
g93,10.0,1.0,1.0,6.0,6.0,8.0,9.0,4.0,4.0,0.0,3.0,9.0,2.0,3.0,2.0,0.0,3.0,2.0,4.0,4.0,4.0,3.0,2.0,4.0,7.0,1.0,5.0,2.0,0.0,1.0,2.0,3.0,2.0,0.0,7.0,2.0,1.0,2.0,7.0,2.0,0.0,0.0,2.0,2.0,8.0,8.0,1.0,10.0,1.0,0.0,3.0,1.0,4.0,2.0,2.0,3.0,1.0,3.0,0.0,2.0,0.0,0.0,1.0,1.0,5.0,7.0,1.0,7.0,1.0,1.0,2.0,9.0,1.0,8.0,1.0,3.0,1.0,2.0,0.0,1.0,2.0,1.0,0.0,2.0,2.0,3.0,1.0,1.0,2.0,2.0,2.0,2.0,3.0,3.0,1.0,1.0,3.0,3.0,2.0,2.0
g94,3.0,2.0,5.0,3.0,7.0,8.0,0.0,3.0,6.0,9.0,6.0,10.0,12.0,1.0,2.0,3.0,9.0,5.0,4.0,1.0,12.0,3.0,2.0,7.0,2.0,2.0,0.0,9.0,0.0,2.0,4.0,2.0,10.0,8.0,1.0,3.0,2.0,3.0,8.0,2.0,6.0,2.0,5.0,4.0,3.0,4.0,1.0,0.0,2.0,1.0,0.0,5.0,2.0,8.0,7.0,2.0,0.0,2.0,2.0,7.0,8.0,2.0,1.0,0.0,2.0,8.0,1.0,0.0,4.0,1.0,1.0,2.0,2.0,0.0,1.0,0.0,2.0,3.0,3.0,2.0,2.0,8.0,4.0,1.0,2.0,1.0,0.0,2.0,4.0,0.0,3.0,2.0,3.0,3.0,3.0,3.0,2.0,0.0,4.0,0.0
g95,9.0,2.0,7.0,2.0,1.0,11.0,7.0,11.0,8.0,9.0,3.0,4.0,4.0,4.0,8.0,11.0,2.0,3.0,2.0,1.0,5.0,6.0,2.0,2.0,1.0,8.0,1.0,0.0,2.0,4.0,0.0,1.0,6.0,10.0,6.0,2.0,2.0,0.0,0.0,1.0,3.0,1.0,2.0,1.0,1.0,2.0,2.0,2.0,0.0,2.0,4.0,3.0,4.0,1.0,3.0,3.0,1.0,1.0,1.0,4.0,2.0,3.0,9.0,1.0,4.0,3.0,2.0,2.0,4.0,7.0,0.0,4.0,2.0,2.0,2.0,1.0,5.0,1.0,1.0,2.0,0.0,2.0,4.0,2.0,1.0,1.0,3.0,1.0,0.0,5.0,4.0,4.0,4.0,3.0,2.0,3.0,3.0,2.0,1.0,1.0
g96,2.0,10.0,10.0,2.0,1.0,1.0,5.0,8.0,5.0,1.0,3.0,6.0,1.0,0.0,2.0,9.0,0.0,4.0,1.0,2.0,0.0,4.0,7.0,5.0,2.0,0.0,0.0,10.0,4.0,10.0,4.0,3.0,0.0,2.0,1.0,2.0,4.0,8.0,7.0,2.0,2.0,2.0,1.0,1.0,3.0,2.0,2.0,8.0,6.0,7.0,1.0,5.0,2.0,1.0,3.0,1.0,2.0,1.0,1.0,6.0,4.0,2.0,3.0,10.0,2.0,2.0,3.0,2.0,1.0,6.0,2.0,2.0,4.0,0.0,2.0,2.0,7.0,2.0,1.0,7.0,4.0,8.0,11.0,2.0,2.0,4.0,5.0,1.0,3.0,3.0,1.0,0.0,1.0,0.0,2.0,0.0,0.0,3.0,2.0,2.0
g97,7.0,10.0,1.0,6.0,0.0,5.0,5.0,2.0,1.0,5.0,6.0,7.0,5.0,11.0,6.0,2.0,4.0,5.0,1.0,3.0,8.0,0.0,2.0,2.0,1.0,1.0,0.0,0.0,2.0,3.0,1.0,6.0,2.0,2.0,5.0,5.0,6.0,3.0,2.0,1.0,1.0,2.0,1.0,2.0,3.0,1.0,11.0,3.0,3.0,4.0,1.0,2.0,8.0,1.0,0.0,0.0,0.0,0.0,8.0,9.0,2.0,0.0,3.0,0.0,1.0,0.0,0.0,1.0,3.0,0.0,2.0,2.0,6.0,7.0,2.0,2.0,2.0,2.0,4.0,2.0,1.0,1.0,3.0,1.0,3.0,3.0,1.0,0.0,2.0,3.0,0.0,2.0,2.0,4.0,0.0,2.0,2.0,2.0,2.0,1.0
g98,8.0,1.0,8.0,0.0,5.0,3.0,2.0,5.0,8.0,0.0,5.0,6.0,1.0,6.0,6.0,5.0,5.0,7.0,13.0,1.0,11.0,2.0,6.0,2.0,8.0,1.0,6.0,2.0,0.0,6.0,7.0,0.0,1.0,0.0,0.0,7.0,13.0,3.0,0.0,1.0,1.0,2.0,4.0,8.0,1.0,8.0,1.0,0.0,11.0,3.0,2.0,7.0,6.0,2.0,2.0,10.0,9.0,2.0,3.0,1.0,1.0,3.0,0.0,1.0,7.0,9.0,2.0,4.0,2.0,9.0,2.0,2.0,1.0,6.0,6.0,4.0,3.0,4.0,1.0,4.0,1.0,5.0,0.0,1.0,3.0,0.0,3.0,0.0,2.0,3.0,5.0,2.0,1.0,5.0,1.0,5.0,3.0,0.0,0.0,2.0
g99,6.0,6.0,0.0,5.0,3.0,2.0,5.0,9.0,4.0,5.0,7.0,6.0,8.0,2.0,3.0,6.0,6.0,2.0,2.0,9.0,1.0,5.0,1.0,10.0,3.0,9.0,1.0,1.0,3.0,1.0,2.0,0.0,1.0,7.0,2.0,1.0,4.0,2.0,4.0,9.0,2.0,9.0,2.0,5.0,2.0,1.0,1.0,1.0,2.0,1.0,5.0,4.0,4.0,5.0,6.0,4.0,3.0,1.0,5.0,1.0,7.0,2.0,0.0,0.0,0.0,7.0,2.0,2.0,3.0,1.0,2.0,9.0,2.0,2.0,1.0,2.0,0.0,3.0,1.0,3.0,4.0,1.0,5.0,0.0,3.0,3.0,2.0,1.0,0.0,5.0,0.0,0.0,1.0,2.0,1.0,5.0,1.0,2.0,3.0,1.0
g100,1.0,9.0,2.0,1.0,7.0,8.0,12.0,1.0,3.0,3.0,3.0,7.0,0.0,10.0,2.0,11.0,0.0,1.0,4.0,3.0,8.0,0.0,1.0,2.0,5.0,0.0,0.0,3.0,6.0,2.0,1.0,1.0,5.0,2.0,2.0,11.0,0.0,2.0,5.0,4.0,1.0,3.0,7.0,9.0,3.0,1.0,12.0,5.0,2.0,3.0,2.0,0.0,5.0,6.0,3.0,2.0,2.0,4.0,0.0,2.0,0.0,9.0,1.0,5.0,4.0,7.0,2.0,4.0,1.0,2.0,1.0,3.0,2.0,0.0,2.0,8.0,3.0,1.0,5.0,2.0,1.0,2.0,8.0,2.0,1.0,1.0,8.0,3.0,4.0,1.0,1.0,2.0,0.0,3.0,4.0,2.0,2.0,4.0,0.0,2.0
g101,9.0,1.0,0.0,2.0,11.0,2.0,2.0,0.0,4.0,1.0,8.0,6.0,8.0,0.0,1.0,1.0,11.0,3.0,5.0,11.0,8.0,6.0,7.0,8.0,10.0,11.0,1.0,10.0,3.0,7.0,3.0,1.0,7.0,2.0,0.0,3.0,1.0,4.0,2.0,8.0,1.0,0.0,7.0,3.0,2.0,3.0,2.0,6.0,6.0,1.0,1.0,2.0,2.0,0.0,3.0,1.0,8.0,9.0,2.0,1.0,2.0,4.0,2.0,14.0,3.0,2.0,2.0,2.0,5.0,5.0,0.0,7.0,4.0,1.0,5.0,7.0,3.0,0.0,4.0,2.0,4.0,0.0,1.0,1.0,1.0,2.0,4.0,4.0,0.0,2.0,3.0,1.0,0.0,0.0,0.0,2.0,1.0,1.0,1.0,1.0
g102,4.0,1.0,1.0,7.0,1.0,3.0,7.0,4.0,3.0,7.0,6.0,3.0,0.0,4.0,6.0,3.0,4.0,2.0,7.0,9.0,7.0,5.0,1.0,0.0,5.0,2.0,9.0,6.0,0.0,1.0,2.0,2.0,5.0,1.0,4.0,10.0,1.0,1.0,9.0,2.0,3.0,5.0,2.0,8.0,2.0,8.0,4.0,1.0,3.0,4.0,2.0,3.0,2.0,10.0,3.0,3.0,4.0,2.0,1.0,3.0,1.0,1.0,1.0,3.0,2.0,5.0,7.0,0.0,2.0,1.0,2.0,2.0,1.0,5.0,0.0,4.0,3.0,3.0,0.0,5.0,2.0,0.0,1.0,4.0,2.0,9.0,5.0,2.0,2.0,2.0,3.0,2.0,0.0,1.0,2.0,2.0,1.0,5.0,0.0,2.0
g103,1.0,5.0,1.0,3.0,7.0,5.0,1.0,5.0,10.0,7.0,2.0,7.0,12.0,3.0,0.0,1.0,1.0,1.0,9.0,12.0,5.0,2.0,3.0,10.0,7.0,0.0,8.0,2.0,2.0,7.0,3.0,8.0,3.0,1.0,9.0,10.0,5.0,5.0,8.0,1.0,2.0,3.0,1.0,2.0,7.0,3.0,1.0,3.0,4.0,3.0,2.0,4.0,3.0,0.0,6.0,2.0,3.0,7.0,1.0,5.0,0.0,0.0,7.0,3.0,1.0,3.0,3.0,1.0,3.0,1.0,2.0,3.0,1.0,6.0,12.0,2.0,1.0,1.0,1.0,0.0,2.0,1.0,1.0,3.0,1.0,4.0,2.0,1.0,0.0,2.0,0.0,2.0,1.0,0.0,1.0,1.0,2.0,2.0,0.0,1.0
g104,8.0,1.0,4.0,6.0,3.0,5.0,8.0,2.0,4.0,0.0,7.0,3.0,1.0,0.0,4.0,5.0,4.0,8.0,0.0,1.0,6.0,3.0,5.0,8.0,9.0,2.0,7.0,0.0,4.0,6.0,1.0,7.0,2.0,3.0,4.0,2.0,1.0,0.0,10.0,2.0,9.0,6.0,1.0,4.0,2.0,0.0,9.0,5.0,2.0,3.0,1.0,0.0,0.0,6.0,3.0,1.0,0.0,0.0,1.0,0.0,6.0,1.0,6.0,3.0,0.0,3.0,2.0,2.0,2.0,5.0,4.0,2.0,5.0,1.0,1.0,2.0,2.0,5.0,10.0,1.0,2.0,0.0,3.0,3.0,2.0,0.0,1.0,3.0,1.0,4.0,1.0,1.0,2.0,2.0,2.0,3.0,3.0,2.0,2.0,1.0
g105,5.0,6.0,0.0,2.0,8.0,3.0,4.0,12.0,1.0,12.0,3.0,1.0,10.0,9.0,2.0,5.0,5.0,0.0,1.0,3.0,9.0,7.0,10.0,1.0,4.0,2.0,1.0,1.0,11.0,4.0,3.0,0.0,0.0,0.0,1.0,6.0,3.0,3.0,2.0,11.0,1.0,6.0,0.0,1.0,6.0,2.0,2.0,3.0,7.0,1.0,2.0,6.0,5.0,2.0,1.0,11.0,9.0,6.0,3.0,2.0,2.0,5.0,8.0,2.0,3.0,3.0,2.0,2.0,4.0,2.0,1.0,8.0,1.0,2.0,1.0,2.0,1.0,3.0,3.0,2.0,2.0,1.0,3.0,2.0,2.0,2.0,0.0,2.0,6.0,2.0,4.0,2.0,2.0,4.0,1.0,2.0,1.0,2.0,3.0,2.0
g106,2.0,2.0,3.0,2.0,7.0,11.0,0.0,6.0,4.0,5.0,6.0,11.0,1.0,1.0,7.0,7.0,3.0,3.0,8.0,3.0,8.0,1.0,0.0,1.0,1.0,1.0,4.0,0.0,2.0,6.0,6.0,0.0,2.0,2.0,2.0,9.0,0.0,5.0,9.0,0.0,2.0,1.0,12.0,5.0,3.0,4.0,1.0,0.0,3.0,4.0,1.0,2.0,7.0,3.0,1.0,8.0,1.0,3.0,4.0,9.0,1.0,4.0,5.0,2.0,1.0,2.0,1.0,1.0,0.0,2.0,10.0,1.0,2.0,2.0,9.0,7.0,6.0,2.0,0.0,1.0,3.0,0.0,0.0,2.0,1.0,2.0,3.0,2.0,0.0,2.0,2.0,1.0,0.0,1.0,1.0,0.0,1.0,4.0,4.0,2.0
g107,10.0,1.0,9.0,3.0,6.0,1.0,0.0,3.0,2.0,2.0,7.0,3.0,0.0,11.0,5.0,6.0,11.0,7.0,0.0,2.0,3.0,3.0,1.0,2.0,6.0,2.0,2.0,5.0,6.0,1.0,9.0,2.0,3.0,0.0,3.0,5.0,2.0,0.0,0.0,3.0,2.0,3.0,7.0,0.0,2.0,1.0,3.0,1.0,4.0,9.0,9.0,1.0,0.0,10.0,5.0,1.0,2.0,3.0,7.0,8.0,2.0,3.0,2.0,1.0,2.0,1.0,0.0,2.0,4.0,1.0,1.0,1.0,6.0,1.0,1.0,1.0,3.0,3.0,7.0,2.0,1.0,2.0,5.0,5.0,3.0,2.0,6.0,3.0,1.0,3.0,1.0,3.0,1.0,4.0,1.0,0.0,3.0,1.0,0.0,3.0
g108,8.0,5.0,2.0,2.0,3.0,1.0,1.0,3.0,3.0,8.0,7.0,7.0,3.0,7.0,2.0,2.0,1.0,3.0,7.0,3.0,4.0,9.0,2.0,9.0,0.0,3.0,8.0,1.0,2.0,7.0,5.0,5.0,3.0,5.0,0.0,1.0,0.0,1.0,8.0,0.0,1.0,3.0,1.0,1.0,3.0,1.0,2.0,3.0,3.0,2.0,8.0,1.0,0.0,3.0,2.0,4.0,1.0,1.0,2.0,1.0,3.0,6.0,7.0,1.0,6.0,7.0,3.0,0.0,2.0,8.0,6.0,0.0,2.0,2.0,4.0,1.0,2.0,1.0,6.0,0.0,2.0,3.0,1.0,3.0,1.0,1.0,2.0,1.0,3.0,2.0,2.0,0.0,2.0,4.0,2.0,2.0,2.0,3.0,4.0,4.0
g109,7.0,2.0,6.0,13.0,2.0,8.0,2.0,0.0,3.0,11.0,5.0,2.0,0.0,1.0,2.0,0.0,4.0,3.0,2.0,4.0,2.0,2.0,9.0,1.0,2.0,0.0,1.0,0.0,4.0,2.0,1.0,5.0,1.0,3.0,10.0,8.0,1.0,7.0,2.0,0.0,1.0,6.0,2.0,6.0,2.0,3.0,4.0,2.0,6.0,3.0,6.0,1.0,0.0,6.0,7.0,7.0,2.0,5.0,5.0,3.0,4.0,3.0,9.0,4.0,10.0,1.0,2.0,3.0,0.0,3.0,2.0,5.0,1.0,0.0,2.0,2.0,2.0,2.0,2.0,4.0,2.0,3.0,2.0,3.0,1.0,5.0,2.0,1.0,5.0,3.0,2.0,2.0,2.0,2.0,3.0,1.0,1.0,2.0,2.0,0.0
g110,3.0,5.0,4.0,2.0,9.0,2.0,6.0,3.0,1.0,3.0,7.0,1.0,5.0,10.0,4.0,6.0,5.0,1.0,12.0,6.0,1.0,5.0,2.0,1.0,2.0,1.0,1.0,3.0,3.0,8.0,1.0,2.0,3.0,2.0,0.0,3.0,1.0,1.0,3.0,1.0,7.0,8.0,2.0,3.0,2.0,2.0,2.0,5.0,6.0,2.0,2.0,2.0,7.0,0.0,3.0,1.0,0.0,3.0,1.0,1.0,4.0,1.0,4.0,2.0,2.0,1.0,2.0,0.0,1.0,7.0,4.0,2.0,6.0,4.0,2.0,2.0,1.0,3.0,3.0,4.0,2.0,1.0,0.0,4.0,1.0,4.0,3.0,1.0,3.0,1.0,0.0,2.0,0.0,3.0,2.0,2.0,2.0,4.0,0.0,0.0
g111,8.0,6.0,8.0,1.0,1.0,0.0,2.0,2.0,8.0,3.0,0.0,8.0,8.0,4.0,13.0,7.0,0.0,3.0,2.0,4.0,8.0,9.0,4.0,4.0,0.0,11.0,5.0,2.0,0.0,1.0,1.0,7.0,1.0,9.0,2.0,2.0,0.0,5.0,3.0,0.0,1.0,2.0,4.0,0.0,1.0,1.0,2.0,1.0,5.0,3.0,1.0,5.0,7.0,2.0,3.0,3.0,3.0,2.0,1.0,7.0,0.0,2.0,2.0,1.0,2.0,2.0,2.0,11.0,2.0,3.0,1.0,3.0,7.0,2.0,0.0,10.0,2.0,0.0,5.0,0.0,2.0,5.0,1.0,2.0,3.0,2.0,1.0,1.0,1.0,2.0,3.0,0.0,1.0,0.0,2.0,2.0,1.0,2.0,1.0,4.0
g112,1.0,6.0,3.0,3.0,4.0,2.0,1.0,2.0,4.0,0.0,1.0,1.0,6.0,6.0,4.0,2.0,1.0,1.0,2.0,6.0,5.0,4.0,2.0,1.0,3.0,8.0,2.0,0.0,0.0,6.0,8.0,5.0,1.0,8.0,3.0,1.0,2.0,4.0,2.0,1.0,2.0,8.0,2.0,2.0,1.0,0.0,7.0,7.0,2.0,2.0,2.0,9.0,1.0,3.0,1.0,2.0,2.0,2.0,13.0,0.0,2.0,4.0,1.0,2.0,5.0,1.0,1.0,0.0,0.0,2.0,0.0,2.0,1.0,0.0,6.0,0.0,2.0,2.0,7.0,1.0,2.0,7.0,2.0,2.0,3.0,1.0,2.0,1.0,2.0,3.0,3.0,0.0,5.0,4.0,0.0,2.0,3.0,1.0,5.0,3.0
g113,1.0,1.0,2.0,9.0,5.0,10.0,2.0,6.0,5.0,2.0,14.0,0.0,2.0,4.0,1.0,0.0,2.0,1.0,3.0,7.0,2.0,2.0,5.0,9.0,4.0,1.0,0.0,2.0,11.0,7.0,7.0,2.0,1.0,7.0,0.0,6.0,0.0,2.0,6.0,1.0,7.0,1.0,2.0,8.0,4.0,3.0,2.0,1.0,3.0,3.0,2.0,11.0,3.0,4.0,6.0,12.0,11.0,6.0,8.0,2.0,3.0,2.0,1.0,5.0,3.0,0.0,1.0,1.0,2.0,5.0,1.0,2.0,8.0,4.0,0.0,1.0,3.0,1.0,1.0,2.0,0.0,1.0,3.0,3.0,3.0,1.0,3.0,0.0,3.0,3.0,1.0,1.0,4.0,0.0,4.0,1.0,3.0,1.0,2.0,1.0
g114,1.0,3.0,2.0,1.0,7.0,11.0,6.0,2.0,2.0,3.0,2.0,0.0,7.0,9.0,11.0,0.0,1.0,2.0,4.0,3.0,1.0,3.0,4.0,3.0,1.0,3.0,1.0,1.0,1.0,3.0,0.0,2.0,6.0,3.0,5.0,2.0,1.0,3.0,2.0,8.0,2.0,3.0,4.0,6.0,2.0,8.0,0.0,5.0,6.0,0.0,1.0,0.0,8.0,7.0,2.0,1.0,0.0,4.0,1.0,6.0,1.0,0.0,0.0,1.0,2.0,1.0,2.0,7.0,2.0,1.0,3.0,1.0,2.0,0.0,5.0,3.0,6.0,1.0,1.0,1.0,0.0,4.0,0.0,2.0,4.0,3.0,2.0,1.0,2.0,2.0,1.0,2.0,2.0,0.0,0.0,5.0,1.0,7.0,1.0,4.0
g115,9.0,0.0,10.0,2.0,2.0,1.0,1.0,1.0,3.0,5.0,11.0,6.0,6.0,3.0,1.0,13.0,3.0,11.0,6.0,5.0,1.0,3.0,2.0,0.0,1.0,1.0,6.0,5.0,7.0,0.0,1.0,2.0,9.0,3.0,4.0,4.0,2.0,4.0,5.0,1.0,6.0,3.0,1.0,1.0,2.0,4.0,1.0,1.0,4.0,0.0,1.0,3.0,2.0,0.0,1.0,2.0,1.0,0.0,1.0,3.0,0.0,3.0,3.0,2.0,1.0,9.0,8.0,3.0,1.0,3.0,2.0,2.0,3.0,0.0,2.0,8.0,2.0,4.0,5.0,3.0,0.0,6.0,1.0,3.0,1.0,1.0,3.0,3.0,0.0,2.0,2.0,3.0,1.0,1.0,1.0,1.0,4.0,2.0,2.0,4.0
g116,8.0,1.0,3.0,11.0,0.0,8.0,11.0,8.0,10.0,2.0,2.0,4.0,2.0,1.0,2.0,6.0,2.0,0.0,6.0,7.0,6.0,11.0,1.0,3.0,5.0,6.0,1.0,12.0,3.0,3.0,1.0,2.0,4.0,3.0,14.0,4.0,2.0,5.0,2.0,2.0,1.0,2.0,9.0,12.0,3.0,2.0,1.0,1.0,1.0,2.0,7.0,4.0,4.0,0.0,1.0,4.0,2.0,2.0,2.0,4.0,7.0,4.0,3.0,1.0,1.0,4.0,6.0,0.0,0.0,4.0,3.0,1.0,2.0,6.0,3.0,2.0,3.0,0.0,1.0,2.0,2.0,2.0,3.0,4.0,1.0,2.0,1.0,5.0,1.0,2.0,0.0,2.0,0.0,3.0,3.0,1.0,4.0,3.0,1.0,1.0
g117,2.0,3.0,4.0,13.0,6.0,5.0,1.0,1.0,10.0,2.0,3.0,9.0,3.0,3.0,3.0,6.0,2.0,6.0,7.0,3.0,2.0,1.0,1.0,4.0,4.0,8.0,6.0,6.0,2.0,9.0,6.0,3.0,1.0,7.0,0.0,1.0,8.0,7.0,3.0,1.0,9.0,7.0,6.0,0.0,3.0,0.0,9.0,0.0,0.0,1.0,2.0,4.0,1.0,3.0,6.0,1.0,0.0,1.0,3.0,0.0,0.0,1.0,9.0,12.0,1.0,0.0,0.0,2.0,2.0,1.0,1.0,0.0,2.0,1.0,0.0,1.0,3.0,3.0,4.0,0.0,1.0,2.0,6.0,4.0,3.0,2.0,6.0,2.0,3.0,1.0,1.0,3.0,1.0,2.0,2.0,7.0,5.0,1.0,0.0,2.0
g118,6.0,1.0,12.0,12.0,2.0,7.0,9.0,2.0,7.0,9.0,3.0,0.0,2.0,8.0,1.0,2.0,5.0,9.0,2.0,3.0,7.0,1.0,0.0,2.0,5.0,6.0,0.0,3.0,8.0,5.0,2.0,4.0,7.0,1.0,1.0,2.0,1.0,1.0,2.0,10.0,7.0,6.0,1.0,2.0,0.0,2.0,6.0,0.0,1.0,5.0,2.0,1.0,6.0,0.0,5.0,1.0,3.0,1.0,4.0,1.0,7.0,1.0,0.0,3.0,1.0,10.0,2.0,3.0,2.0,2.0,0.0,2.0,12.0,2.0,1.0,3.0,3.0,2.0,2.0,2.0,3.0,2.0,1.0,1.0,2.0,3.0,1.0,2.0,3.0,0.0,4.0,1.0,1.0,1.0,2.0,0.0,0.0,2.0,2.0,2.0
g119,9.0,7.0,1.0,10.0,10.0,8.0,13.0,2.0,8.0,4.0,6.0,5.0,1.0,10.0,3.0,0.0,3.0,6.0,4.0,1.0,3.0,2.0,1.0,4.0,1.0,5.0,9.0,2.0,7.0,6.0,7.0,4.0,6.0,1.0,1.0,2.0,1.0,7.0,3.0,8.0,4.0,4.0,1.0,9.0,0.0,2.0,2.0,3.0,7.0,5.0,2.0,4.0,0.0,3.0,1.0,1.0,9.0,1.0,3.0,1.0,0.0,3.0,1.0,8.0,0.0,5.0,0.0,1.0,1.0,2.0,3.0,0.0,2.0,11.0,2.0,2.0,1.0,0.0,7.0,0.0,4.0,7.0,3.0,8.0,2.0,4.0,3.0,1.0,0.0,5.0,4.0,5.0,1.0,2.0,2.0,3.0,3.0,4.0,3.0,1.0
g120,1.0,16.0,6.0,13.0,1.0,3.0,10.0,1.0,7.0,6.0,2.0,4.0,2.0,3.0,6.0,1.0,3.0,1.0,4.0,3.0,4.0,7.0,4.0,4.0,5.0,0.0,2.0,2.0,9.0,2.0,1.0,4.0,3.0,9.0,6.0,0.0,1.0,4.0,8.0,1.0,1.0,3.0,3.0,2.0,1.0,2.0,9.0,2.0,2.0,3.0,2.0,4.0,7.0,2.0,6.0,2.0,1.0,3.0,2.0,1.0,8.0,4.0,5.0,5.0,2.0,0.0,3.0,2.0,5.0,1.0,4.0,9.0,2.0,9.0,1.0,4.0,3.0,0.0,2.0,1.0,0.0,3.0,2.0,1.0,1.0,3.0,1.0,2.0,1.0,1.0,1.0,4.0,1.0,1.0,3.0,3.0,4.0,2.0,0.0,2.0
g121,4.0,4.0,9.0,2.0,1.0,1.0,10.0,6.0,3.0,4.0,1.0,3.0,5.0,1.0,1.0,2.0,0.0,5.0,6.0,2.0,10.0,1.0,2.0,0.0,4.0,2.0,7.0,1.0,1.0,0.0,1.0,3.0,2.0,5.0,5.0,2.0,1.0,0.0,0.0,4.0,4.0,3.0,3.0,2.0,1.0,6.0,1.0,1.0,6.0,3.0,3.0,3.0,1.0,6.0,3.0,3.0,2.0,3.0,0.0,1.0,2.0,2.0,1.0,14.0,0.0,3.0,2.0,1.0,0.0,3.0,0.0,3.0,1.0,0.0,1.0,1.0,0.0,3.0,2.0,2.0,3.0,2.0,2.0,1.0,12.0,2.0,2.0,2.0,4.0,3.0,2.0,2.0,5.0,4.0,3.0,0.0,2.0,0.0,3.0,4.0
g122,8.0,1.0,2.0,4.0,7.0,1.0,7.0,5.0,4.0,2.0,4.0,2.0,7.0,11.0,2.0,1.0,3.0,0.0,3.0,9.0,1.0,5.0,7.0,3.0,0.0,0.0,1.0,0.0,3.0,6.0,0.0,10.0,1.0,3.0,2.0,4.0,4.0,0.0,9.0,3.0,0.0,7.0,1.0,8.0,5.0,5.0,1.0,2.0,5.0,7.0,10.0,5.0,1.0,0.0,2.0,3.0,4.0,1.0,2.0,0.0,1.0,3.0,0.0,4.0,3.0,0.0,0.0,0.0,2.0,2.0,3.0,3.0,7.0,3.0,3.0,2.0,0.0,2.0,3.0,1.0,7.0,2.0,2.0,5.0,1.0,2.0,1.0,0.0,3.0,1.0,2.0,3.0,1.0,0.0,1.0,7.0,1.0,4.0,3.0,1.0
g123,11.0,6.0,6.0,6.0,13.0,7.0,1.0,3.0,4.0,5.0,3.0,3.0,6.0,1.0,0.0,0.0,1.0,8.0,7.0,0.0,2.0,7.0,1.0,8.0,5.0,14.0,2.0,1.0,9.0,2.0,2.0,2.0,5.0,2.0,8.0,3.0,3.0,2.0,2.0,4.0,3.0,1.0,7.0,1.0,9.0,4.0,1.0,9.0,1.0,0.0,1.0,0.0,6.0,1.0,6.0,1.0,0.0,2.0,8.0,3.0,2.0,2.0,2.0,2.0,1.0,2.0,3.0,11.0,2.0,0.0,3.0,1.0,4.0,0.0,1.0,0.0,3.0,2.0,5.0,1.0,0.0,7.0,6.0,7.0,4.0,10.0,1.0,0.0,0.0,4.0,6.0,4.0,1.0,3.0,4.0,2.0,1.0,2.0,1.0,1.0
g124,1.0,0.0,2.0,1.0,0.0,2.0,4.0,4.0,1.0,1.0,1.0,3.0,4.0,4.0,7.0,8.0,3.0,5.0,7.0,2.0,2.0,1.0,2.0,5.0,6.0,0.0,9.0,1.0,4.0,6.0,1.0,3.0,9.0,3.0,3.0,2.0,3.0,2.0,1.0,5.0,4.0,6.0,3.0,9.0,0.0,2.0,3.0,3.0,5.0,10.0,1.0,2.0,1.0,1.0,2.0,5.0,2.0,1.0,0.0,1.0,3.0,2.0,2.0,2.0,2.0,2.0,1.0,0.0,4.0,4.0,2.0,2.0,2.0,7.0,2.0,6.0,2.0,1.0,2.0,3.0,1.0,9.0,2.0,6.0,4.0,2.0,1.0,2.0,7.0,3.0,4.0,1.0,8.0,2.0,3.0,2.0,2.0,0.0,4.0,1.0
g125,2.0,9.0,1.0,2.0,0.0,4.0,1.0,9.0,4.0,9.0,3.0,6.0,2.0,6.0,5.0,0.0,6.0,5.0,8.0,8.0,1.0,4.0,8.0,5.0,3.0,1.0,1.0,3.0,2.0,3.0,7.0,10.0,4.0,3.0,5.0,1.0,6.0,10.0,11.0,3.0,1.0,2.0,1.0,0.0,3.0,7.0,6.0,0.0,12.0,3.0,8.0,2.0,1.0,2.0,11.0,2.0,1.0,4.0,3.0,3.0,1.0,1.0,4.0,2.0,2.0,2.0,3.0,8.0,1.0,5.0,3.0,2.0,2.0,1.0,2.0,1.0,2.0,2.0,2.0,1.0,1.0,3.0,1.0,2.0,1.0,1.0,3.0,4.0,1.0,1.0,2.0,1.0,6.0,6.0,1.0,0.0,1.0,3.0,1.0,1.0
g126,2.0,6.0,2.0,3.0,3.0,0.0,2.0,3.0,3.0,9.0,0.0,10.0,5.0,3.0,0.0,0.0,3.0,4.0,4.0,0.0,15.0,2.0,5.0,6.0,3.0,4.0,5.0,1.0,0.0,2.0,2.0,0.0,3.0,4.0,1.0,2.0,3.0,2.0,5.0,1.0,1.0,2.0,2.0,8.0,0.0,1.0,2.0,0.0,3.0,4.0,3.0,4.0,3.0,2.0,1.0,1.0,0.0,1.0,1.0,0.0,2.0,4.0,2.0,3.0,3.0,1.0,3.0,2.0,2.0,9.0,3.0,6.0,1.0,1.0,3.0,2.0,2.0,5.0,2.0,2.0,0.0,6.0,2.0,1.0,0.0,5.0,1.0,0.0,2.0,1.0,3.0,4.0,5.0,1.0,5.0,1.0,0.0,3.0,1.0,1.0
g127,9.0,4.0,0.0,1.0,3.0,7.0,6.0,10.0,2.0,2.0,1.0,7.0,6.0,1.0,2.0,9.0,4.0,2.0,6.0,6.0,0.0,10.0,5.0,3.0,1.0,10.0,6.0,7.0,7.0,6.0,3.0,4.0,0.0,7.0,3.0,1.0,3.0,8.0,3.0,3.0,0.0,1.0,2.0,1.0,6.0,3.0,6.0,2.0,6.0,4.0,8.0,4.0,0.0,1.0,3.0,13.0,9.0,3.0,2.0,4.0,1.0,3.0,2.0,0.0,1.0,0.0,0.0,2.0,8.0,7.0,4.0,8.0,4.0,0.0,2.0,3.0,1.0,0.0,2.0,1.0,2.0,1.0,1.0,2.0,3.0,1.0,2.0,2.0,4.0,1.0,1.0,2.0,0.0,1.0,1.0,0.0,4.0,1.0,5.0,2.0
g128,2.0,2.0,10.0,0.0,2.0,4.0,7.0,4.0,2.0,2.0,8.0,6.0,4.0,8.0,3.0,9.0,3.0,4.0,2.0,10.0,6.0,1.0,4.0,4.0,12.0,3.0,6.0,9.0,2.0,3.0,1.0,6.0,2.0,2.0,3.0,2.0,3.0,1.0,1.0,5.0,2.0,11.0,0.0,1.0,1.0,1.0,2.0,3.0,2.0,0.0,2.0,8.0,2.0,9.0,2.0,8.0,1.0,0.0,1.0,1.0,0.0,5.0,3.0,3.0,3.0,1.0,4.0,0.0,3.0,2.0,2.0,2.0,4.0,1.0,2.0,0.0,4.0,7.0,4.0,6.0,4.0,0.0,4.0,3.0,1.0,1.0,5.0,1.0,0.0,2.0,3.0,2.0,3.0,2.0,2.0,3.0,2.0,3.0,3.0,0.0
g129,3.0,0.0,2.0,4.0,1.0,11.0,0.0,8.0,3.0,3.0,14.0,5.0,7.0,6.0,2.0,2.0,2.0,6.0,1.0,9.0,1.0,14.0,7.0,3.0,3.0,1.0,3.0,8.0,8.0,1.0,2.0,3.0,8.0,4.0,1.0,7.0,0.0,1.0,1.0,4.0,0.0,0.0,7.0,0.0,2.0,3.0,5.0,0.0,8.0,1.0,8.0,1.0,2.0,0.0,10.0,2.0,1.0,1.0,4.0,11.0,1.0,7.0,1.0,2.0,1.0,1.0,2.0,2.0,6.0,2.0,7.0,3.0,6.0,2.0,10.0,2.0,0.0,2.0,4.0,3.0,8.0,1.0,2.0,3.0,5.0,0.0,1.0,1.0,12.0,2.0,2.0,4.0,0.0,1.0,0.0,1.0,4.0,1.0,0.0,5.0
g130,6.0,9.0,2.0,3.0,2.0,7.0,3.0,3.0,7.0,3.0,7.0,5.0,8.0,2.0,1.0,1.0,9.0,2.0,2.0,2.0,12.0,6.0,2.0,2.0,2.0,2.0,3.0,5.0,2.0,2.0,8.0,0.0,6.0,0.0,3.0,7.0,2.0,0.0,3.0,3.0,3.0,6.0,2.0,2.0,0.0,2.0,0.0,2.0,2.0,4.0,2.0,2.0,2.0,0.0,3.0,3.0,8.0,1.0,4.0,2.0,1.0,3.0,1.0,2.0,1.0,1.0,3.0,0.0,1.0,1.0,2.0,3.0,2.0,3.0,2.0,3.0,3.0,8.0,1.0,3.0,3.0,2.0,0.0,1.0,2.0,2.0,2.0,0.0,3.0,3.0,2.0,1.0,4.0,2.0,4.0,1.0,2.0,2.0,0.0,1.0
g131,4.0,5.0,8.0,10.0,8.0,3.0,1.0,8.0,3.0,10.0,1.0,5.0,4.0,3.0,2.0,2.0,1.0,5.0,7.0,2.0,7.0,4.0,5.0,1.0,2.0,3.0,1.0,0.0,0.0,9.0,0.0,7.0,2.0,1.0,0.0,1.0,1.0,1.0,5.0,2.0,2.0,2.0,3.0,1.0,1.0,2.0,0.0,5.0,2.0,2.0,1.0,0.0,4.0,0.0,6.0,4.0,3.0,2.0,1.0,3.0,3.0,0.0,0.0,1.0,2.0,12.0,1.0,2.0,2.0,1.0,2.0,2.0,0.0,0.0,2.0,2.0,0.0,3.0,3.0,4.0,2.0,2.0,10.0,4.0,1.0,2.0,1.0,6.0,1.0,7.0,2.0,2.0,5.0,2.0,2.0,2.0,3.0,2.0,0.0,1.0
g132,8.0,3.0,6.0,1.0,7.0,8.0,8.0,1.0,1.0,1.0,2.0,3.0,4.0,1.0,1.0,2.0,7.0,0.0,4.0,5.0,2.0,3.0,1.0,0.0,3.0,1.0,8.0,1.0,3.0,4.0,2.0,2.0,7.0,6.0,12.0,1.0,3.0,0.0,10.0,3.0,7.0,1.0,9.0,0.0,1.0,4.0,2.0,1.0,1.0,2.0,4.0,8.0,2.0,2.0,1.0,2.0,0.0,1.0,1.0,6.0,1.0,8.0,5.0,7.0,1.0,1.0,2.0,2.0,3.0,6.0,5.0,2.0,2.0,0.0,2.0,2.0,2.0,2.0,8.0,2.0,2.0,1.0,1.0,1.0,1.0,1.0,3.0,1.0,2.0,1.0,0.0,0.0,1.0,5.0,4.0,3.0,2.0,2.0,0.0,4.0
g133,0.0,7.0,2.0,10.0,5.0,7.0,2.0,9.0,9.0,5.0,1.0,13.0,6.0,2.0,1.0,1.0,8.0,2.0,5.0,4.0,3.0,3.0,1.0,1.0,2.0,1.0,3.0,3.0,3.0,2.0,0.0,4.0,6.0,2.0,9.0,2.0,3.0,1.0,7.0,1.0,2.0,10.0,3.0,3.0,5.0,0.0,8.0,2.0,1.0,6.0,1.0,8.0,4.0,5.0,10.0,3.0,3.0,3.0,2.0,1.0,1.0,2.0,4.0,3.0,3.0,0.0,2.0,3.0,2.0,3.0,0.0,6.0,5.0,1.0,4.0,1.0,4.0,0.0,3.0,2.0,3.0,4.0,1.0,0.0,1.0,3.0,1.0,1.0,1.0,1.0,3.0,2.0,4.0,2.0,4.0,0.0,1.0,5.0,2.0,1.0
g134,1.0,4.0,2.0,6.0,1.0,1.0,3.0,4.0,6.0,11.0,4.0,5.0,8.0,2.0,3.0,4.0,3.0,4.0,1.0,4.0,8.0,0.0,7.0,8.0,13.0,12.0,0.0,2.0,0.0,2.0,4.0,11.0,7.0,3.0,0.0,6.0,1.0,5.0,8.0,4.0,8.0,0.0,2.0,15.0,1.0,4.0,8.0,7.0,1.0,1.0,2.0,4.0,2.0,2.0,0.0,3.0,2.0,2.0,7.0,4.0,3.0,3.0,1.0,0.0,0.0,0.0,2.0,12.0,2.0,2.0,4.0,2.0,4.0,0.0,3.0,1.0,2.0,4.0,5.0,6.0,5.0,2.0,2.0,6.0,14.0,2.0,4.0,2.0,3.0,3.0,2.0,3.0,1.0,4.0,0.0,2.0,0.0,0.0,1.0,2.0
g135,2.0,10.0,6.0,6.0,1.0,10.0,2.0,6.0,3.0,12.0,1.0,10.0,2.0,2.0,6.0,1.0,6.0,0.0,1.0,2.0,1.0,7.0,5.0,6.0,2.0,7.0,1.0,1.0,2.0,2.0,0.0,1.0,8.0,5.0,4.0,5.0,0.0,2.0,9.0,1.0,8.0,4.0,1.0,2.0,10.0,1.0,2.0,1.0,5.0,4.0,2.0,5.0,3.0,1.0,0.0,2.0,1.0,3.0,13.0,9.0,2.0,6.0,2.0,1.0,2.0,4.0,9.0,1.0,1.0,3.0,1.0,0.0,1.0,1.0,3.0,4.0,2.0,4.0,5.0,4.0,1.0,1.0,7.0,6.0,2.0,1.0,1.0,1.0,3.0,1.0,2.0,1.0,0.0,3.0,2.0,2.0,1.0,0.0,3.0,3.0
g136,6.0,6.0,1.0,2.0,2.0,12.0,0.0,6.0,1.0,6.0,2.0,2.0,3.0,4.0,1.0,5.0,2.0,10.0,2.0,2.0,8.0,1.0,8.0,0.0,7.0,6.0,1.0,1.0,1.0,2.0,10.0,0.0,2.0,7.0,3.0,3.0,2.0,5.0,2.0,3.0,2.0,2.0,4.0,2.0,0.0,2.0,10.0,2.0,2.0,8.0,4.0,1.0,1.0,0.0,1.0,0.0,3.0,6.0,0.0,2.0,2.0,6.0,4.0,0.0,2.0,0.0,3.0,2.0,8.0,2.0,3.0,5.0,8.0,4.0,2.0,2.0,2.0,2.0,1.0,2.0,4.0,2.0,0.0,0.0,2.0,1.0,0.0,2.0,2.0,2.0,5.0,3.0,1.0,2.0,1.0,1.0,2.0,1.0,3.0,1.0
g137,1.0,7.0,7.0,6.0,3.0,6.0,6.0,7.0,4.0,8.0,0.0,2.0,2.0,2.0,4.0,5.0,10.0,4.0,3.0,2.0,0.0,4.0,3.0,1.0,6.0,0.0,3.0,1.0,6.0,3.0,2.0,1.0,1.0,2.0,2.0,10.0,4.0,0.0,3.0,1.0,6.0,5.0,6.0,6.0,10.0,1.0,1.0,1.0,0.0,1.0,1.0,7.0,0.0,4.0,4.0,2.0,3.0,5.0,0.0,10.0,2.0,2.0,4.0,2.0,4.0,6.0,10.0,3.0,3.0,5.0,9.0,1.0,7.0,3.0,1.0,1.0,2.0,0.0,1.0,1.0,0.0,2.0,1.0,2.0,7.0,1.0,4.0,2.0,2.0,0.0,1.0,1.0,2.0,0.0,2.0,2.0,5.0,2.0,2.0,0.0
g138,0.0,3.0,2.0,1.0,10.0,8.0,8.0,8.0,0.0,2.0,9.0,10.0,5.0,5.0,4.0,4.0,3.0,2.0,3.0,1.0,2.0,3.0,1.0,4.0,4.0,6.0,1.0,1.0,9.0,2.0,9.0,4.0,8.0,8.0,4.0,0.0,2.0,0.0,8.0,2.0,3.0,2.0,3.0,2.0,2.0,3.0,4.0,0.0,5.0,17.0,7.0,2.0,0.0,1.0,3.0,1.0,2.0,0.0,1.0,6.0,2.0,11.0,2.0,0.0,1.0,1.0,5.0,1.0,6.0,1.0,2.0,1.0,2.0,1.0,2.0,4.0,0.0,1.0,1.0,3.0,3.0,4.0,2.0,3.0,3.0,0.0,2.0,1.0,2.0,1.0,2.0,1.0,0.0,4.0,2.0,3.0,0.0,3.0,3.0,1.0
g139,1.0,2.0,8.0,0.0,5.0,1.0,1.0,0.0,7.0,2.0,4.0,1.0,2.0,7.0,4.0,7.0,4.0,9.0,1.0,2.0,2.0,1.0,9.0,4.0,1.0,0.0,13.0,2.0,2.0,1.0,0.0,5.0,0.0,2.0,7.0,3.0,2.0,2.0,10.0,6.0,0.0,5.0,6.0,2.0,4.0,10.0,5.0,6.0,5.0,1.0,2.0,3.0,1.0,2.0,1.0,2.0,0.0,2.0,0.0,5.0,10.0,3.0,1.0,2.0,3.0,1.0,7.0,1.0,0.0,3.0,1.0,1.0,3.0,1.0,1.0,0.0,3.0,0.0,2.0,2.0,4.0,3.0,2.0,9.0,1.0,4.0,3.0,1.0,2.0,1.0,3.0,3.0,1.0,3.0,3.0,4.0,3.0,4.0,2.0,1.0
g140,1.0,2.0,8.0,6.0,5.0,5.0,10.0,2.0,3.0,4.0,7.0,3.0,0.0,12.0,2.0,7.0,7.0,1.0,3.0,1.0,7.0,8.0,5.0,2.0,1.0,1.0,6.0,14.0,5.0,3.0,1.0,1.0,2.0,4.0,2.0,0.0,1.0,2.0,0.0,2.0,2.0,6.0,2.0,12.0,0.0,8.0,2.0,0.0,1.0,2.0,2.0,4.0,9.0,1.0,0.0,4.0,5.0,2.0,1.0,4.0,3.0,2.0,0.0,2.0,6.0,6.0,0.0,5.0,1.0,1.0,2.0,4.0,4.0,1.0,2.0,3.0,1.0,2.0,2.0,3.0,2.0,2.0,5.0,3.0,2.0,3.0,1.0,7.0,5.0,3.0,2.0,0.0,7.0,1.0,4.0,4.0,0.0,3.0,2.0,2.0
g141,6.0,3.0,4.0,10.0,7.0,8.0,5.0,2.0,3.0,12.0,1.0,5.0,1.0,3.0,6.0,5.0,6.0,5.0,4.0,2.0,0.0,3.0,2.0,4.0,0.0,2.0,0.0,4.0,6.0,3.0,0.0,5.0,1.0,1.0,3.0,9.0,10.0,5.0,2.0,11.0,2.0,5.0,1.0,1.0,1.0,0.0,0.0,0.0,3.0,1.0,2.0,0.0,6.0,1.0,9.0,5.0,4.0,1.0,5.0,2.0,1.0,8.0,4.0,3.0,2.0,3.0,2.0,10.0,4.0,0.0,2.0,1.0,6.0,9.0,4.0,1.0,3.0,1.0,5.0,2.0,2.0,5.0,1.0,2.0,5.0,0.0,0.0,0.0,1.0,5.0,3.0,10.0,2.0,2.0,5.0,3.0,2.0,1.0,2.0,6.0
g142,8.0,6.0,7.0,4.0,8.0,3.0,2.0,4.0,13.0,5.0,2.0,0.0,4.0,2.0,6.0,3.0,11.0,3.0,2.0,4.0,8.0,5.0,1.0,1.0,4.0,0.0,2.0,5.0,2.0,5.0,12.0,2.0,2.0,5.0,4.0,0.0,2.0,7.0,0.0,3.0,3.0,2.0,1.0,2.0,4.0,3.0,5.0,2.0,8.0,8.0,2.0,3.0,4.0,5.0,5.0,2.0,0.0,5.0,6.0,3.0,2.0,1.0,2.0,2.0,5.0,0.0,2.0,3.0,1.0,2.0,2.0,5.0,2.0,1.0,2.0,3.0,2.0,5.0,4.0,2.0,0.0,1.0,0.0,3.0,0.0,8.0,1.0,4.0,2.0,2.0,2.0,0.0,1.0,2.0,3.0,2.0,1.0,1.0,1.0,0.0
g143,4.0,3.0,0.0,9.0,5.0,8.0,13.0,9.0,2.0,6.0,1.0,11.0,1.0,1.0,9.0,0.0,2.0,9.0,6.0,3.0,1.0,1.0,2.0,3.0,2.0,2.0,5.0,5.0,1.0,4.0,3.0,5.0,3.0,4.0,0.0,0.0,1.0,1.0,1.0,4.0,3.0,5.0,8.0,0.0,0.0,9.0,1.0,2.0,4.0,3.0,5.0,0.0,5.0,1.0,2.0,3.0,2.0,1.0,2.0,8.0,7.0,2.0,2.0,9.0,3.0,3.0,1.0,6.0,0.0,4.0,1.0,1.0,2.0,7.0,2.0,10.0,2.0,5.0,1.0,1.0,3.0,6.0,2.0,1.0,3.0,1.0,7.0,1.0,8.0,3.0,0.0,4.0,2.0,3.0,4.0,2.0,1.0,3.0,0.0,3.0
g144,0.0,3.0,9.0,7.0,2.0,2.0,5.0,3.0,2.0,7.0,2.0,1.0,4.0,3.0,2.0,1.0,4.0,10.0,7.0,4.0,2.0,4.0,4.0,2.0,1.0,2.0,0.0,1.0,4.0,0.0,4.0,2.0,0.0,0.0,6.0,0.0,8.0,8.0,1.0,6.0,3.0,1.0,6.0,0.0,2.0,2.0,2.0,2.0,2.0,0.0,3.0,8.0,5.0,9.0,1.0,1.0,0.0,2.0,5.0,2.0,1.0,3.0,3.0,1.0,4.0,3.0,4.0,3.0,8.0,6.0,4.0,5.0,5.0,6.0,5.0,2.0,2.0,3.0,2.0,1.0,3.0,1.0,1.0,0.0,1.0,2.0,2.0,2.0,4.0,3.0,2.0,1.0,0.0,2.0,1.0,2.0,1.0,2.0,1.0,2.0
g145,4.0,1.0,7.0,4.0,2.0,0.0,3.0,0.0,6.0,1.0,2.0,1.0,1.0,8.0,1.0,13.0,1.0,2.0,2.0,4.0,2.0,2.0,2.0,7.0,3.0,0.0,0.0,2.0,10.0,2.0,3.0,7.0,0.0,8.0,2.0,8.0,1.0,5.0,1.0,2.0,8.0,3.0,2.0,3.0,9.0,2.0,1.0,1.0,3.0,8.0,1.0,8.0,1.0,1.0,1.0,7.0,5.0,0.0,7.0,6.0,4.0,2.0,4.0,1.0,3.0,2.0,4.0,2.0,1.0,5.0,3.0,2.0,1.0,2.0,2.0,8.0,10.0,0.0,0.0,0.0,1.0,0.0,12.0,5.0,1.0,5.0,0.0,5.0,1.0,1.0,2.0,2.0,2.0,2.0,5.0,3.0,3.0,1.0,0.0,2.0
g146,5.0,1.0,1.0,1.0,1.0,10.0,13.0,3.0,2.0,9.0,2.0,1.0,3.0,4.0,4.0,3.0,2.0,4.0,3.0,9.0,0.0,6.0,2.0,1.0,6.0,3.0,3.0,6.0,0.0,2.0,2.0,2.0,3.0,1.0,2.0,3.0,1.0,7.0,3.0,3.0,2.0,6.0,8.0,9.0,1.0,5.0,3.0,1.0,7.0,2.0,2.0,1.0,6.0,2.0,5.0,5.0,3.0,1.0,2.0,4.0,4.0,0.0,2.0,1.0,1.0,2.0,3.0,5.0,5.0,1.0,3.0,1.0,1.0,1.0,2.0,4.0,6.0,10.0,1.0,1.0,2.0,1.0,1.0,2.0,0.0,1.0,1.0,0.0,4.0,1.0,1.0,3.0,0.0,0.0,5.0,3.0,1.0,12.0,4.0,4.0
g147,4.0,9.0,4.0,6.0,3.0,2.0,8.0,8.0,2.0,5.0,2.0,1.0,2.0,8.0,0.0,0.0,5.0,7.0,3.0,3.0,2.0,1.0,1.0,5.0,3.0,4.0,11.0,1.0,1.0,1.0,2.0,0.0,2.0,2.0,6.0,7.0,2.0,2.0,3.0,9.0,9.0,3.0,2.0,3.0,4.0,2.0,5.0,1.0,5.0,3.0,1.0,5.0,1.0,1.0,13.0,2.0,2.0,8.0,7.0,1.0,2.0,2.0,0.0,2.0,8.0,2.0,2.0,9.0,1.0,0.0,2.0,6.0,3.0,2.0,0.0,2.0,4.0,2.0,1.0,1.0,2.0,5.0,1.0,3.0,2.0,2.0,0.0,2.0,3.0,5.0,1.0,5.0,2.0,1.0,1.0,0.0,2.0,3.0,1.0,2.0
g148,4.0,5.0,3.0,2.0,6.0,4.0,0.0,2.0,3.0,7.0,4.0,0.0,2.0,1.0,10.0,5.0,2.0,9.0,2.0,1.0,9.0,3.0,7.0,1.0,2.0,7.0,1.0,7.0,3.0,8.0,2.0,0.0,6.0,1.0,5.0,2.0,1.0,1.0,0.0,6.0,2.0,13.0,0.0,3.0,1.0,1.0,0.0,2.0,9.0,3.0,2.0,2.0,3.0,1.0,2.0,2.0,3.0,1.0,3.0,0.0,9.0,4.0,5.0,1.0,4.0,2.0,1.0,4.0,1.0,1.0,2.0,1.0,2.0,2.0,1.0,7.0,0.0,2.0,13.0,1.0,1.0,2.0,8.0,7.0,0.0,2.0,10.0,6.0,3.0,2.0,4.0,0.0,2.0,0.0,1.0,4.0,1.0,3.0,4.0,3.0
g149,2.0,7.0,2.0,11.0,16.0,2.0,7.0,8.0,0.0,4.0,6.0,9.0,2.0,1.0,1.0,3.0,5.0,2.0,1.0,3.0,0.0,8.0,7.0,9.0,2.0,3.0,6.0,0.0,2.0,0.0,2.0,2.0,2.0,1.0,0.0,11.0,0.0,4.0,5.0,3.0,5.0,6.0,1.0,3.0,9.0,4.0,2.0,4.0,1.0,3.0,0.0,1.0,3.0,8.0,4.0,4.0,3.0,3.0,3.0,2.0,8.0,2.0,3.0,6.0,4.0,3.0,0.0,4.0,5.0,1.0,1.0,1.0,1.0,2.0,3.0,1.0,1.0,0.0,1.0,3.0,2.0,4.0,2.0,5.0,12.0,4.0,3.0,1.0,3.0,1.0,1.0,2.0,3.0,0.0,1.0,2.0,2.0,2.0,3.0,4.0
g150,9.0,1.0,10.0,10.0,6.0,2.0,1.0,2.0,1.0,5.0,7.0,3.0,1.0,2.0,11.0,5.0,8.0,7.0,5.0,1.0,0.0,2.0,5.0,6.0,10.0,5.0,3.0,6.0,2.0,2.0,3.0,8.0,4.0,9.0,0.0,2.0,3.0,3.0,0.0,2.0,3.0,1.0,6.0,1.0,14.0,5.0,9.0,2.0,3.0,1.0,6.0,1.0,4.0,3.0,2.0,9.0,2.0,3.0,4.0,3.0,5.0,2.0,4.0,3.0,3.0,2.0,3.0,4.0,1.0,3.0,3.0,1.0,10.0,1.0,1.0,3.0,1.0,0.0,1.0,2.0,4.0,0.0,1.0,3.0,3.0,0.0,0.0,1.0,7.0,3.0,3.0,4.0,4.0,3.0,0.0,3.0,1.0,3.0,1.0,3.0
g151,9.0,1.0,0.0,7.0,6.0,8.0,3.0,5.0,0.0,5.0,1.0,2.0,3.0,7.0,3.0,1.0,2.0,3.0,9.0,0.0,5.0,1.0,3.0,6.0,4.0,2.0,1.0,9.0,2.0,5.0,2.0,4.0,2.0,1.0,0.0,11.0,4.0,2.0,1.0,1.0,1.0,1.0,1.0,1.0,2.0,2.0,2.0,2.0,3.0,1.0,1.0,0.0,1.0,4.0,2.0,1.0,6.0,2.0,5.0,1.0,5.0,1.0,1.0,3.0,6.0,1.0,5.0,1.0,2.0,7.0,2.0,1.0,3.0,1.0,1.0,1.0,0.0,0.0,1.0,2.0,1.0,2.0,1.0,1.0,0.0,2.0,1.0,1.0,5.0,0.0,3.0,1.0,1.0,1.0,4.0,2.0,2.0,2.0,4.0,4.0
g152,11.0,4.0,6.0,5.0,1.0,11.0,8.0,2.0,1.0,6.0,3.0,3.0,0.0,4.0,4.0,12.0,6.0,7.0,6.0,1.0,3.0,5.0,4.0,3.0,2.0,6.0,8.0,1.0,10.0,10.0,1.0,0.0,4.0,1.0,3.0,9.0,3.0,9.0,3.0,4.0,2.0,0.0,2.0,0.0,4.0,0.0,1.0,5.0,2.0,6.0,0.0,1.0,3.0,4.0,3.0,6.0,5.0,4.0,4.0,3.0,1.0,7.0,2.0,3.0,4.0,0.0,7.0,3.0,11.0,5.0,2.0,1.0,0.0,1.0,4.0,3.0,3.0,1.0,5.0,3.0,3.0,2.0,2.0,3.0,1.0,3.0,0.0,2.0,1.0,0.0,0.0,2.0,2.0,7.0,3.0,1.0,1.0,3.0,1.0,4.0
g153,3.0,2.0,9.0,2.0,10.0,1.0,0.0,8.0,10.0,7.0,3.0,5.0,2.0,6.0,6.0,3.0,1.0,7.0,0.0,2.0,7.0,9.0,1.0,2.0,11.0,1.0,2.0,4.0,11.0,8.0,2.0,9.0,7.0,7.0,2.0,6.0,6.0,3.0,10.0,8.0,2.0,7.0,0.0,2.0,6.0,2.0,1.0,0.0,1.0,2.0,0.0,6.0,2.0,5.0,2.0,2.0,6.0,1.0,5.0,0.0,1.0,3.0,1.0,2.0,1.0,0.0,3.0,2.0,3.0,2.0,1.0,9.0,1.0,2.0,0.0,1.0,8.0,5.0,1.0,3.0,0.0,3.0,3.0,1.0,3.0,0.0,2.0,3.0,0.0,5.0,2.0,2.0,1.0,2.0,8.0,2.0,4.0,4.0,1.0,5.0
g154,3.0,9.0,5.0,0.0,6.0,4.0,4.0,7.0,2.0,9.0,2.0,1.0,10.0,0.0,2.0,9.0,7.0,1.0,2.0,0.0,2.0,2.0,3.0,2.0,0.0,8.0,3.0,0.0,2.0,6.0,3.0,2.0,13.0,7.0,3.0,2.0,0.0,0.0,7.0,3.0,3.0,1.0,2.0,0.0,1.0,3.0,2.0,2.0,6.0,1.0,7.0,1.0,1.0,5.0,5.0,5.0,2.0,2.0,3.0,8.0,4.0,5.0,3.0,4.0,0.0,4.0,9.0,1.0,6.0,4.0,2.0,2.0,2.0,2.0,1.0,1.0,1.0,5.0,2.0,4.0,1.0,3.0,2.0,0.0,1.0,0.0,4.0,3.0,2.0,2.0,3.0,0.0,2.0,1.0,0.0,1.0,2.0,4.0,2.0,2.0
g155,2.0,4.0,2.0,2.0,1.0,6.0,4.0,12.0,1.0,8.0,12.0,6.0,0.0,10.0,4.0,9.0,3.0,0.0,0.0,1.0,3.0,1.0,5.0,6.0,1.0,4.0,1.0,0.0,1.0,3.0,6.0,0.0,5.0,10.0,0.0,1.0,1.0,3.0,1.0,7.0,5.0,5.0,7.0,4.0,4.0,9.0,10.0,2.0,3.0,1.0,7.0,3.0,1.0,1.0,3.0,6.0,1.0,1.0,1.0,2.0,0.0,5.0,2.0,3.0,7.0,0.0,7.0,0.0,5.0,3.0,2.0,1.0,1.0,4.0,7.0,1.0,1.0,0.0,3.0,0.0,1.0,6.0,2.0,2.0,5.0,4.0,0.0,1.0,0.0,1.0,1.0,4.0,2.0,3.0,5.0,2.0,1.0,1.0,2.0,2.0
g156,7.0,7.0,6.0,4.0,3.0,3.0,2.0,2.0,1.0,11.0,1.0,2.0,2.0,6.0,0.0,2.0,8.0,4.0,12.0,1.0,3.0,4.0,1.0,6.0,6.0,5.0,2.0,5.0,12.0,6.0,3.0,2.0,1.0,4.0,4.0,2.0,5.0,9.0,2.0,2.0,4.0,0.0,3.0,2.0,11.0,2.0,3.0,8.0,3.0,3.0,0.0,2.0,1.0,3.0,4.0,3.0,1.0,3.0,1.0,3.0,2.0,1.0,3.0,5.0,6.0,2.0,1.0,2.0,1.0,5.0,5.0,7.0,2.0,12.0,2.0,1.0,3.0,2.0,0.0,0.0,1.0,3.0,1.0,0.0,0.0,0.0,2.0,3.0,1.0,2.0,2.0,1.0,5.0,3.0,3.0,1.0,2.0,2.0,4.0,0.0
g157,6.0,2.0,5.0,10.0,2.0,2.0,5.0,3.0,1.0,3.0,4.0,0.0,10.0,6.0,1.0,0.0,8.0,3.0,1.0,2.0,8.0,8.0,1.0,6.0,2.0,1.0,1.0,7.0,7.0,1.0,1.0,3.0,1.0,8.0,2.0,2.0,4.0,2.0,14.0,4.0,2.0,1.0,4.0,6.0,2.0,2.0,1.0,1.0,1.0,5.0,1.0,9.0,3.0,3.0,0.0,1.0,7.0,5.0,1.0,2.0,1.0,2.0,5.0,0.0,2.0,7.0,1.0,3.0,0.0,2.0,6.0,4.0,1.0,1.0,2.0,3.0,1.0,7.0,5.0,0.0,4.0,2.0,1.0,4.0,4.0,2.0,4.0,1.0,3.0,2.0,1.0,2.0,2.0,2.0,1.0,6.0,2.0,2.0,1.0,1.0
g158,3.0,2.0,0.0,8.0,2.0,4.0,3.0,1.0,1.0,9.0,10.0,5.0,10.0,2.0,7.0,4.0,10.0,1.0,12.0,2.0,10.0,7.0,8.0,3.0,1.0,1.0,0.0,2.0,1.0,6.0,2.0,2.0,1.0,4.0,7.0,8.0,6.0,1.0,2.0,9.0,2.0,0.0,3.0,0.0,4.0,10.0,2.0,2.0,0.0,11.0,2.0,2.0,4.0,7.0,7.0,1.0,8.0,6.0,0.0,2.0,3.0,1.0,2.0,1.0,4.0,3.0,1.0,2.0,4.0,1.0,2.0,2.0,1.0,2.0,1.0,2.0,9.0,1.0,2.0,7.0,3.0,2.0,3.0,9.0,1.0,5.0,1.0,2.0,1.0,5.0,1.0,0.0,1.0,2.0,1.0,1.0,0.0,2.0,3.0,2.0
g159,1.0,1.0,12.0,0.0,9.0,0.0,6.0,3.0,5.0,1.0,7.0,6.0,2.0,3.0,3.0,8.0,4.0,0.0,1.0,5.0,4.0,2.0,2.0,0.0,1.0,8.0,4.0,6.0,6.0,6.0,2.0,3.0,3.0,12.0,3.0,8.0,6.0,1.0,3.0,9.0,12.0,10.0,6.0,0.0,1.0,9.0,0.0,2.0,1.0,5.0,8.0,8.0,8.0,0.0,6.0,0.0,3.0,1.0,2.0,2.0,5.0,1.0,5.0,10.0,0.0,1.0,1.0,1.0,4.0,10.0,4.0,3.0,3.0,3.0,2.0,2.0,8.0,0.0,1.0,3.0,1.0,5.0,0.0,3.0,2.0,0.0,2.0,7.0,2.0,1.0,2.0,2.0,6.0,4.0,2.0,3.0,0.0,0.0,0.0,1.0
g160,3.0,8.0,1.0,6.0,10.0,3.0,6.0,7.0,1.0,2.0,2.0,5.0,2.0,5.0,1.0,6.0,1.0,3.0,16.0,1.0,4.0,3.0,1.0,8.0,10.0,4.0,2.0,2.0,2.0,2.0,3.0,4.0,3.0,2.0,0.0,2.0,2.0,5.0,4.0,5.0,3.0,4.0,4.0,0.0,6.0,9.0,1.0,1.0,3.0,9.0,2.0,3.0,2.0,3.0,1.0,2.0,1.0,0.0,1.0,0.0,2.0,3.0,0.0,2.0,4.0,2.0,1.0,1.0,0.0,1.0,1.0,5.0,0.0,2.0,2.0,4.0,0.0,3.0,3.0,1.0,4.0,0.0,1.0,4.0,2.0,5.0,1.0,4.0,1.0,1.0,2.0,1.0,1.0,4.0,1.0,2.0,2.0,1.0,4.0,0.0
g161,3.0,6.0,5.0,5.0,11.0,1.0,10.0,4.0,3.0,8.0,1.0,2.0,3.0,1.0,2.0,6.0,7.0,2.0,7.0,9.0,2.0,6.0,6.0,2.0,7.0,1.0,3.0,3.0,2.0,4.0,8.0,2.0,7.0,7.0,8.0,1.0,6.0,5.0,3.0,0.0,2.0,3.0,2.0,0.0,1.0,5.0,2.0,3.0,4.0,1.0,1.0,2.0,9.0,0.0,7.0,6.0,2.0,5.0,2.0,2.0,1.0,0.0,1.0,1.0,3.0,0.0,16.0,9.0,2.0,1.0,6.0,3.0,2.0,3.0,4.0,1.0,1.0,2.0,2.0,4.0,3.0,2.0,2.0,1.0,0.0,3.0,2.0,0.0,2.0,3.0,3.0,2.0,3.0,3.0,1.0,2.0,1.0,1.0,1.0,1.0
g162,4.0,4.0,1.0,5.0,2.0,6.0,6.0,1.0,6.0,7.0,5.0,3.0,2.0,6.0,2.0,0.0,0.0,5.0,3.0,7.0,4.0,1.0,1.0,6.0,4.0,1.0,4.0,10.0,1.0,6.0,5.0,3.0,0.0,4.0,6.0,1.0,3.0,0.0,6.0,3.0,2.0,8.0,7.0,1.0,5.0,8.0,0.0,2.0,1.0,5.0,2.0,11.0,11.0,2.0,1.0,2.0,5.0,4.0,6.0,6.0,4.0,1.0,4.0,1.0,5.0,1.0,1.0,0.0,1.0,6.0,3.0,3.0,2.0,11.0,2.0,1.0,13.0,1.0,1.0,1.0,0.0,2.0,6.0,8.0,2.0,2.0,9.0,5.0,0.0,1.0,2.0,3.0,1.0,1.0,3.0,4.0,1.0,3.0,2.0,0.0
g163,2.0,2.0,1.0,1.0,9.0,1.0,5.0,8.0,2.0,0.0,3.0,4.0,9.0,1.0,2.0,1.0,9.0,3.0,0.0,3.0,7.0,7.0,1.0,2.0,2.0,10.0,7.0,4.0,0.0,1.0,2.0,7.0,3.0,2.0,2.0,5.0,1.0,2.0,2.0,6.0,3.0,7.0,2.0,8.0,2.0,4.0,1.0,5.0,7.0,1.0,1.0,2.0,3.0,6.0,1.0,5.0,1.0,6.0,6.0,1.0,5.0,3.0,0.0,1.0,5.0,2.0,1.0,1.0,2.0,3.0,7.0,2.0,3.0,0.0,1.0,1.0,1.0,3.0,2.0,2.0,3.0,2.0,3.0,0.0,0.0,4.0,1.0,4.0,5.0,1.0,2.0,1.0,1.0,1.0,0.0,1.0,2.0,1.0,2.0,1.0
g164,9.0,2.0,9.0,2.0,0.0,6.0,9.0,6.0,7.0,3.0,3.0,1.0,1.0,2.0,8.0,7.0,2.0,3.0,3.0,9.0,1.0,0.0,3.0,2.0,12.0,2.0,1.0,5.0,4.0,0.0,2.0,2.0,3.0,2.0,1.0,1.0,10.0,4.0,1.0,0.0,3.0,7.0,1.0,3.0,5.0,0.0,0.0,2.0,2.0,2.0,1.0,3.0,5.0,2.0,2.0,2.0,1.0,2.0,4.0,1.0,4.0,2.0,1.0,2.0,1.0,2.0,2.0,11.0,8.0,1.0,1.0,0.0,0.0,2.0,2.0,6.0,3.0,2.0,1.0,5.0,2.0,1.0,3.0,5.0,2.0,1.0,2.0,3.0,1.0,1.0,0.0,3.0,1.0,2.0,2.0,2.0,3.0,2.0,2.0,4.0
g165,6.0,2.0,1.0,6.0,8.0,6.0,5.0,1.0,1.0,1.0,8.0,3.0,3.0,3.0,7.0,5.0,9.0,3.0,3.0,3.0,3.0,0.0,7.0,12.0,8.0,2.0,2.0,4.0,6.0,1.0,8.0,2.0,1.0,0.0,0.0,1.0,8.0,2.0,1.0,10.0,8.0,1.0,3.0,4.0,1.0,0.0,5.0,0.0,0.0,3.0,9.0,0.0,4.0,2.0,3.0,1.0,0.0,2.0,2.0,8.0,4.0,0.0,3.0,2.0,0.0,2.0,1.0,4.0,0.0,2.0,0.0,2.0,2.0,2.0,4.0,1.0,2.0,2.0,0.0,0.0,1.0,4.0,1.0,1.0,1.0,1.0,2.0,3.0,2.0,0.0,6.0,4.0,2.0,2.0,1.0,0.0,1.0,1.0,3.0,0.0
g166,9.0,4.0,3.0,2.0,7.0,5.0,2.0,1.0,8.0,1.0,4.0,5.0,3.0,16.0,2.0,5.0,2.0,3.0,4.0,2.0,10.0,9.0,2.0,3.0,5.0,0.0,4.0,0.0,9.0,2.0,1.0,7.0,1.0,9.0,11.0,6.0,3.0,5.0,4.0,3.0,7.0,2.0,8.0,0.0,3.0,2.0,1.0,7.0,3.0,7.0,5.0,9.0,3.0,2.0,0.0,0.0,0.0,1.0,0.0,2.0,2.0,1.0,4.0,2.0,1.0,1.0,2.0,3.0,3.0,1.0,0.0,2.0,2.0,0.0,0.0,3.0,2.0,4.0,2.0,1.0,3.0,1.0,2.0,3.0,0.0,3.0,2.0,3.0,0.0,1.0,4.0,0.0,4.0,1.0,3.0,1.0,2.0,4.0,3.0,2.0
g167,4.0,3.0,1.0,3.0,6.0,2.0,7.0,2.0,8.0,10.0,3.0,3.0,6.0,2.0,2.0,4.0,6.0,1.0,9.0,0.0,3.0,2.0,14.0,7.0,1.0,1.0,2.0,6.0,2.0,9.0,9.0,2.0,2.0,2.0,2.0,2.0,4.0,5.0,1.0,1.0,4.0,2.0,2.0,0.0,6.0,0.0,1.0,8.0,2.0,3.0,3.0,1.0,1.0,2.0,5.0,0.0,3.0,3.0,4.0,0.0,2.0,0.0,1.0,1.0,0.0,2.0,6.0,3.0,0.0,7.0,3.0,2.0,1.0,2.0,2.0,2.0,1.0,3.0,5.0,3.0,6.0,1.0,2.0,3.0,3.0,2.0,3.0,3.0,5.0,1.0,6.0,3.0,2.0,0.0,1.0,3.0,2.0,0.0,2.0,1.0
g168,1.0,8.0,2.0,3.0,3.0,9.0,1.0,4.0,1.0,1.0,1.0,1.0,7.0,3.0,4.0,6.0,3.0,2.0,8.0,7.0,3.0,5.0,1.0,2.0,0.0,0.0,0.0,3.0,3.0,3.0,1.0,5.0,6.0,9.0,3.0,0.0,2.0,2.0,10.0,0.0,7.0,4.0,0.0,1.0,8.0,4.0,1.0,1.0,1.0,6.0,2.0,1.0,0.0,1.0,3.0,8.0,4.0,4.0,3.0,1.0,0.0,0.0,4.0,2.0,1.0,1.0,2.0,1.0,1.0,8.0,4.0,0.0,3.0,2.0,6.0,6.0,1.0,1.0,1.0,2.0,5.0,2.0,3.0,2.0,4.0,6.0,0.0,3.0,0.0,2.0,0.0,1.0,1.0,1.0,4.0,2.0,2.0,6.0,1.0,1.0
g169,8.0,10.0,1.0,4.0,6.0,1.0,4.0,2.0,0.0,3.0,8.0,3.0,1.0,2.0,5.0,7.0,7.0,8.0,3.0,8.0,6.0,9.0,6.0,10.0,4.0,8.0,2.0,6.0,5.0,0.0,8.0,3.0,0.0,9.0,12.0,0.0,0.0,7.0,7.0,13.0,4.0,3.0,0.0,6.0,3.0,3.0,4.0,2.0,2.0,1.0,3.0,1.0,0.0,0.0,1.0,1.0,4.0,1.0,6.0,5.0,2.0,0.0,4.0,3.0,10.0,4.0,5.0,1.0,1.0,2.0,7.0,3.0,5.0,0.0,8.0,5.0,2.0,6.0,2.0,1.0,5.0,0.0,1.0,2.0,0.0,2.0,5.0,2.0,3.0,1.0,4.0,1.0,7.0,0.0,2.0,3.0,3.0,2.0,3.0,4.0
g170,2.0,3.0,2.0,9.0,6.0,0.0,12.0,0.0,9.0,5.0,5.0,4.0,7.0,6.0,2.0,2.0,8.0,4.0,2.0,4.0,12.0,8.0,7.0,9.0,3.0,3.0,5.0,4.0,9.0,2.0,7.0,4.0,0.0,8.0,2.0,1.0,5.0,11.0,4.0,1.0,8.0,2.0,7.0,8.0,4.0,3.0,0.0,11.0,2.0,6.0,1.0,4.0,3.0,8.0,1.0,1.0,2.0,1.0,1.0,1.0,8.0,4.0,1.0,3.0,1.0,3.0,6.0,5.0,7.0,4.0,1.0,4.0,5.0,2.0,2.0,1.0,1.0,7.0,3.0,1.0,6.0,4.0,1.0,1.0,2.0,2.0,1.0,1.0,1.0,4.0,2.0,1.0,3.0,0.0,1.0,1.0,10.0,2.0,0.0,0.0
g171,3.0,4.0,7.0,2.0,4.0,2.0,0.0,2.0,7.0,1.0,1.0,1.0,11.0,7.0,8.0,5.0,1.0,3.0,1.0,2.0,10.0,2.0,1.0,1.0,2.0,3.0,5.0,7.0,1.0,0.0,9.0,2.0,0.0,3.0,0.0,3.0,2.0,4.0,2.0,2.0,10.0,3.0,1.0,1.0,3.0,2.0,5.0,5.0,14.0,2.0,5.0,1.0,2.0,3.0,7.0,7.0,0.0,11.0,3.0,4.0,2.0,1.0,2.0,1.0,0.0,2.0,2.0,2.0,13.0,4.0,2.0,0.0,4.0,2.0,3.0,7.0,4.0,4.0,3.0,2.0,0.0,4.0,2.0,2.0,5.0,10.0,2.0,3.0,2.0,2.0,5.0,1.0,3.0,1.0,2.0,1.0,2.0,3.0,6.0,0.0
g172,8.0,5.0,6.0,2.0,6.0,1.0,8.0,5.0,12.0,8.0,10.0,8.0,4.0,4.0,0.0,5.0,6.0,0.0,8.0,1.0,3.0,8.0,2.0,1.0,1.0,2.0,1.0,0.0,4.0,17.0,4.0,2.0,2.0,1.0,4.0,2.0,4.0,2.0,1.0,6.0,3.0,8.0,3.0,5.0,2.0,1.0,5.0,2.0,0.0,2.0,5.0,12.0,1.0,0.0,6.0,0.0,0.0,2.0,0.0,4.0,2.0,7.0,4.0,4.0,4.0,1.0,7.0,4.0,1.0,3.0,0.0,1.0,3.0,2.0,1.0,1.0,1.0,0.0,1.0,7.0,3.0,2.0,2.0,1.0,2.0,4.0,0.0,3.0,2.0,2.0,4.0,3.0,2.0,5.0,1.0,0.0,1.0,3.0,0.0,0.0
g173,7.0,9.0,1.0,3.0,1.0,1.0,5.0,4.0,5.0,1.0,0.0,3.0,3.0,1.0,3.0,7.0,3.0,2.0,1.0,1.0,8.0,2.0,6.0,3.0,4.0,2.0,5.0,2.0,7.0,4.0,10.0,5.0,0.0,2.0,2.0,1.0,3.0,2.0,1.0,13.0,0.0,8.0,1.0,4.0,1.0,3.0,0.0,9.0,0.0,3.0,2.0,1.0,0.0,5.0,2.0,2.0,16.0,3.0,3.0,1.0,6.0,5.0,11.0,2.0,8.0,1.0,14.0,2.0,3.0,1.0,3.0,6.0,5.0,2.0,3.0,1.0,3.0,4.0,2.0,0.0,2.0,0.0,2.0,1.0,10.0,1.0,6.0,1.0,3.0,5.0,1.0,0.0,1.0,1.0,2.0,0.0,2.0,1.0,1.0,3.0
g174,1.0,1.0,4.0,1.0,1.0,7.0,3.0,2.0,5.0,0.0,2.0,7.0,2.0,3.0,13.0,0.0,1.0,6.0,1.0,2.0,5.0,1.0,3.0,2.0,2.0,5.0,7.0,3.0,0.0,2.0,2.0,2.0,5.0,5.0,2.0,2.0,1.0,7.0,3.0,5.0,5.0,3.0,1.0,2.0,7.0,3.0,6.0,2.0,0.0,9.0,1.0,1.0,3.0,1.0,1.0,7.0,6.0,3.0,1.0,0.0,4.0,1.0,4.0,2.0,1.0,9.0,4.0,4.0,4.0,1.0,1.0,9.0,1.0,1.0,10.0,1.0,4.0,2.0,2.0,0.0,6.0,2.0,3.0,2.0,2.0,3.0,4.0,1.0,2.0,1.0,2.0,1.0,3.0,3.0,2.0,3.0,2.0,2.0,1.0,3.0
g175,5.0,3.0,0.0,13.0,4.0,11.0,7.0,1.0,5.0,9.0,7.0,6.0,4.0,8.0,2.0,3.0,4.0,2.0,1.0,2.0,3.0,9.0,2.0,10.0,3.0,3.0,4.0,1.0,6.0,2.0,1.0,0.0,1.0,3.0,0.0,1.0,2.0,2.0,3.0,6.0,5.0,1.0,7.0,2.0,2.0,4.0,2.0,0.0,1.0,6.0,1.0,0.0,3.0,2.0,2.0,2.0,3.0,1.0,6.0,2.0,2.0,0.0,3.0,1.0,2.0,2.0,1.0,1.0,4.0,4.0,5.0,5.0,0.0,2.0,10.0,2.0,3.0,2.0,9.0,1.0,1.0,1.0,4.0,2.0,2.0,4.0,3.0,1.0,0.0,3.0,1.0,4.0,0.0,3.0,2.0,3.0,1.0,3.0,2.0,2.0
g176,1.0,1.0,2.0,8.0,1.0,1.0,2.0,9.0,5.0,9.0,6.0,8.0,2.0,1.0,8.0,2.0,5.0,4.0,6.0,4.0,0.0,4.0,2.0,1.0,6.0,9.0,5.0,7.0,6.0,2.0,2.0,0.0,2.0,0.0,4.0,6.0,9.0,5.0,1.0,2.0,1.0,1.0,1.0,2.0,2.0,8.0,5.0,0.0,8.0,1.0,1.0,0.0,2.0,0.0,4.0,1.0,2.0,4.0,2.0,1.0,2.0,0.0,0.0,3.0,1.0,1.0,3.0,1.0,6.0,0.0,8.0,3.0,2.0,1.0,4.0,1.0,1.0,4.0,1.0,1.0,1.0,0.0,3.0,0.0,4.0,1.0,4.0,2.0,0.0,0.0,0.0,2.0,2.0,0.0,0.0,3.0,3.0,2.0,3.0,1.0
g177,3.0,3.0,7.0,9.0,0.0,3.0,1.0,9.0,2.0,3.0,9.0,8.0,3.0,7.0,2.0,2.0,0.0,6.0,1.0,1.0,1.0,2.0,4.0,5.0,8.0,6.0,7.0,10.0,4.0,2.0,1.0,3.0,1.0,1.0,3.0,1.0,9.0,0.0,3.0,11.0,0.0,4.0,2.0,4.0,4.0,3.0,3.0,1.0,3.0,4.0,0.0,2.0,3.0,1.0,0.0,3.0,5.0,3.0,3.0,1.0,5.0,2.0,4.0,7.0,3.0,1.0,8.0,1.0,1.0,1.0,5.0,3.0,4.0,3.0,2.0,8.0,0.0,1.0,2.0,10.0,3.0,9.0,2.0,2.0,10.0,0.0,0.0,3.0,3.0,3.0,2.0,3.0,2.0,1.0,2.0,1.0,1.0,5.0,0.0,2.0
g178,6.0,0.0,5.0,3.0,9.0,2.0,4.0,2.0,2.0,4.0,5.0,1.0,3.0,2.0,6.0,2.0,1.0,4.0,2.0,2.0,3.0,12.0,7.0,4.0,6.0,1.0,5.0,4.0,5.0,2.0,7.0,0.0,0.0,7.0,3.0,6.0,4.0,0.0,9.0,0.0,4.0,1.0,1.0,8.0,4.0,2.0,5.0,13.0,3.0,11.0,6.0,5.0,3.0,0.0,3.0,3.0,5.0,5.0,0.0,4.0,4.0,2.0,2.0,5.0,1.0,2.0,1.0,1.0,5.0,1.0,1.0,0.0,0.0,3.0,0.0,3.0,2.0,1.0,6.0,3.0,1.0,1.0,3.0,2.0,1.0,1.0,1.0,1.0,0.0,1.0,2.0,4.0,3.0,2.0,3.0,1.0,1.0,2.0,1.0,0.0
g179,5.0,10.0,4.0,2.0,8.0,7.0,7.0,7.0,3.0,0.0,1.0,1.0,4.0,12.0,10.0,1.0,2.0,6.0,6.0,2.0,5.0,7.0,8.0,1.0,5.0,6.0,1.0,1.0,1.0,4.0,1.0,4.0,3.0,1.0,1.0,3.0,7.0,2.0,3.0,7.0,6.0,1.0,2.0,1.0,4.0,2.0,7.0,2.0,0.0,8.0,3.0,3.0,4.0,1.0,3.0,13.0,1.0,2.0,3.0,1.0,3.0,4.0,0.0,2.0,2.0,1.0,8.0,1.0,1.0,0.0,1.0,1.0,2.0,2.0,2.0,2.0,1.0,1.0,9.0,8.0,3.0,3.0,0.0,1.0,3.0,1.0,1.0,6.0,1.0,2.0,4.0,2.0,1.0,6.0,8.0,2.0,2.0,4.0,2.0,2.0
g180,6.0,10.0,1.0,1.0,9.0,1.0,3.0,5.0,6.0,6.0,4.0,8.0,8.0,6.0,4.0,2.0,5.0,2.0,9.0,4.0,3.0,4.0,4.0,5.0,0.0,0.0,3.0,1.0,3.0,2.0,1.0,6.0,3.0,4.0,1.0,3.0,2.0,2.0,2.0,4.0,2.0,8.0,11.0,5.0,1.0,6.0,1.0,7.0,2.0,3.0,1.0,10.0,3.0,15.0,4.0,3.0,3.0,10.0,3.0,3.0,5.0,0.0,7.0,1.0,2.0,4.0,2.0,5.0,2.0,3.0,2.0,3.0,3.0,1.0,0.0,0.0,1.0,2.0,1.0,2.0,1.0,0.0,2.0,1.0,2.0,1.0,1.0,1.0,4.0,3.0,0.0,1.0,3.0,2.0,2.0,4.0,0.0,3.0,1.0,2.0
g181,11.0,5.0,7.0,3.0,3.0,4.0,9.0,1.0,11.0,4.0,1.0,7.0,8.0,0.0,5.0,1.0,5.0,3.0,3.0,1.0,1.0,5.0,11.0,2.0,4.0,0.0,8.0,2.0,1.0,5.0,1.0,7.0,1.0,1.0,3.0,10.0,5.0,2.0,0.0,2.0,6.0,6.0,1.0,11.0,7.0,2.0,9.0,3.0,3.0,0.0,4.0,14.0,6.0,1.0,3.0,3.0,4.0,2.0,2.0,6.0,0.0,3.0,5.0,2.0,4.0,1.0,1.0,2.0,4.0,1.0,11.0,3.0,0.0,2.0,1.0,4.0,1.0,2.0,7.0,3.0,5.0,3.0,1.0,3.0,1.0,1.0,3.0,1.0,3.0,0.0,1.0,3.0,0.0,5.0,1.0,4.0,0.0,1.0,1.0,0.0
g182,9.0,10.0,3.0,3.0,1.0,1.0,4.0,8.0,1.0,8.0,9.0,2.0,12.0,1.0,2.0,1.0,2.0,5.0,7.0,1.0,3.0,8.0,2.0,1.0,3.0,0.0,5.0,6.0,8.0,3.0,9.0,3.0,2.0,2.0,0.0,2.0,2.0,2.0,3.0,2.0,5.0,5.0,1.0,6.0,1.0,2.0,3.0,8.0,2.0,0.0,2.0,2.0,1.0,6.0,3.0,4.0,3.0,2.0,2.0,1.0,2.0,5.0,1.0,0.0,0.0,1.0,2.0,8.0,3.0,2.0,6.0,0.0,2.0,1.0,3.0,12.0,2.0,3.0,4.0,1.0,1.0,2.0,2.0,1.0,1.0,5.0,3.0,0.0,5.0,5.0,1.0,1.0,2.0,4.0,1.0,0.0,0.0,3.0,1.0,4.0
g183,3.0,16.0,7.0,3.0,0.0,4.0,0.0,3.0,6.0,1.0,1.0,0.0,10.0,2.0,6.0,3.0,9.0,4.0,5.0,5.0,6.0,4.0,1.0,6.0,4.0,1.0,2.0,2.0,2.0,2.0,2.0,3.0,7.0,1.0,4.0,4.0,1.0,1.0,8.0,5.0,9.0,9.0,2.0,4.0,2.0,1.0,2.0,4.0,0.0,2.0,2.0,5.0,3.0,2.0,0.0,3.0,4.0,4.0,4.0,3.0,2.0,1.0,3.0,5.0,0.0,1.0,2.0,4.0,1.0,3.0,2.0,3.0,9.0,2.0,5.0,1.0,2.0,1.0,3.0,1.0,3.0,4.0,5.0,3.0,2.0,1.0,1.0,11.0,2.0,3.0,1.0,1.0,2.0,0.0,1.0,2.0,2.0,4.0,1.0,4.0
g184,6.0,2.0,3.0,9.0,0.0,11.0,3.0,5.0,6.0,3.0,6.0,2.0,1.0,2.0,0.0,1.0,2.0,7.0,9.0,0.0,2.0,4.0,10.0,0.0,4.0,2.0,2.0,6.0,0.0,12.0,5.0,5.0,2.0,2.0,0.0,2.0,4.0,6.0,5.0,9.0,3.0,3.0,8.0,7.0,3.0,1.0,0.0,1.0,11.0,8.0,12.0,2.0,4.0,11.0,1.0,3.0,2.0,7.0,10.0,1.0,2.0,2.0,1.0,1.0,4.0,0.0,4.0,1.0,1.0,1.0,1.0,2.0,3.0,3.0,7.0,4.0,4.0,2.0,3.0,7.0,5.0,1.0,1.0,3.0,10.0,1.0,0.0,4.0,2.0,10.0,9.0,3.0,3.0,5.0,1.0,3.0,1.0,4.0,5.0,2.0
g185,2.0,3.0,7.0,3.0,1.0,1.0,4.0,3.0,12.0,11.0,2.0,2.0,3.0,1.0,3.0,10.0,1.0,8.0,3.0,3.0,2.0,7.0,1.0,1.0,3.0,0.0,1.0,1.0,2.0,3.0,3.0,4.0,2.0,9.0,2.0,6.0,5.0,0.0,1.0,0.0,0.0,2.0,12.0,6.0,4.0,4.0,3.0,5.0,2.0,2.0,3.0,1.0,0.0,4.0,1.0,3.0,3.0,4.0,2.0,1.0,1.0,4.0,1.0,3.0,8.0,3.0,8.0,1.0,2.0,0.0,4.0,1.0,2.0,7.0,1.0,2.0,3.0,3.0,1.0,8.0,8.0,0.0,2.0,3.0,2.0,2.0,2.0,5.0,4.0,2.0,0.0,2.0,2.0,2.0,3.0,3.0,1.0,2.0,2.0,1.0
g186,8.0,5.0,0.0,5.0,7.0,12.0,4.0,9.0,2.0,1.0,0.0,2.0,3.0,4.0,3.0,10.0,6.0,4.0,2.0,1.0,2.0,4.0,1.0,0.0,9.0,3.0,7.0,2.0,1.0,11.0,3.0,3.0,1.0,3.0,2.0,2.0,0.0,1.0,4.0,3.0,5.0,5.0,2.0,3.0,6.0,2.0,2.0,2.0,3.0,3.0,3.0,5.0,8.0,3.0,1.0,1.0,2.0,3.0,5.0,3.0,6.0,4.0,5.0,1.0,2.0,0.0,7.0,2.0,1.0,3.0,2.0,0.0,1.0,3.0,2.0,1.0,2.0,3.0,5.0,1.0,1.0,3.0,4.0,0.0,5.0,6.0,8.0,3.0,0.0,3.0,4.0,1.0,3.0,5.0,3.0,4.0,2.0,2.0,3.0,2.0
g187,4.0,9.0,4.0,2.0,2.0,5.0,7.0,8.0,4.0,0.0,7.0,8.0,2.0,3.0,1.0,3.0,0.0,9.0,10.0,0.0,3.0,8.0,3.0,11.0,5.0,0.0,6.0,8.0,2.0,2.0,5.0,9.0,2.0,5.0,1.0,4.0,0.0,0.0,5.0,1.0,8.0,4.0,5.0,5.0,1.0,5.0,1.0,3.0,2.0,9.0,1.0,2.0,2.0,7.0,2.0,5.0,1.0,7.0,1.0,4.0,1.0,3.0,2.0,6.0,4.0,3.0,2.0,3.0,1.0,2.0,2.0,2.0,2.0,3.0,1.0,3.0,3.0,7.0,9.0,3.0,1.0,1.0,2.0,1.0,1.0,7.0,2.0,2.0,1.0,2.0,3.0,2.0,3.0,1.0,1.0,3.0,2.0,2.0,5.0,2.0
g188,4.0,6.0,3.0,3.0,1.0,1.0,4.0,4.0,9.0,3.0,1.0,6.0,5.0,10.0,2.0,3.0,8.0,9.0,11.0,9.0,6.0,8.0,4.0,7.0,5.0,1.0,9.0,1.0,4.0,12.0,5.0,3.0,5.0,2.0,0.0,3.0,3.0,1.0,3.0,9.0,3.0,6.0,2.0,3.0,2.0,3.0,6.0,2.0,3.0,8.0,4.0,6.0,3.0,2.0,3.0,3.0,3.0,4.0,1.0,2.0,1.0,1.0,2.0,2.0,1.0,1.0,9.0,9.0,2.0,5.0,6.0,1.0,0.0,1.0,5.0,3.0,8.0,0.0,5.0,2.0,5.0,0.0,3.0,6.0,9.0,0.0,1.0,2.0,4.0,2.0,2.0,1.0,1.0,6.0,2.0,2.0,6.0,1.0,2.0,2.0
g189,1.0,7.0,6.0,6.0,5.0,2.0,1.0,3.0,1.0,2.0,1.0,2.0,5.0,3.0,4.0,6.0,5.0,2.0,4.0,2.0,8.0,1.0,4.0,1.0,9.0,8.0,4.0,10.0,1.0,0.0,9.0,2.0,9.0,1.0,10.0,1.0,1.0,3.0,7.0,3.0,4.0,1.0,3.0,1.0,4.0,0.0,5.0,1.0,0.0,4.0,1.0,4.0,0.0,3.0,12.0,3.0,0.0,8.0,0.0,6.0,4.0,3.0,4.0,1.0,2.0,5.0,1.0,2.0,0.0,1.0,2.0,2.0,4.0,0.0,5.0,1.0,0.0,1.0,0.0,1.0,1.0,5.0,2.0,2.0,0.0,2.0,1.0,1.0,5.0,3.0,2.0,4.0,0.0,3.0,1.0,4.0,1.0,4.0,2.0,3.0
g190,8.0,1.0,1.0,6.0,4.0,1.0,0.0,7.0,4.0,3.0,0.0,7.0,10.0,3.0,1.0,3.0,1.0,1.0,5.0,6.0,4.0,1.0,4.0,3.0,8.0,2.0,5.0,0.0,9.0,5.0,8.0,0.0,2.0,3.0,4.0,10.0,0.0,2.0,11.0,4.0,2.0,1.0,11.0,4.0,2.0,0.0,10.0,2.0,1.0,8.0,1.0,3.0,1.0,1.0,9.0,6.0,12.0,4.0,7.0,4.0,9.0,1.0,5.0,2.0,2.0,5.0,4.0,0.0,1.0,0.0,1.0,3.0,3.0,2.0,3.0,2.0,0.0,2.0,0.0,2.0,2.0,1.0,3.0,4.0,1.0,2.0,0.0,1.0,2.0,6.0,1.0,2.0,4.0,3.0,1.0,1.0,4.0,1.0,3.0,1.0
g191,0.0,4.0,1.0,9.0,0.0,3.0,3.0,3.0,0.0,3.0,1.0,11.0,7.0,8.0,2.0,1.0,1.0,12.0,6.0,10.0,1.0,0.0,6.0,5.0,3.0,8.0,0.0,1.0,4.0,4.0,7.0,1.0,0.0,5.0,1.0,0.0,8.0,10.0,2.0,0.0,5.0,1.0,5.0,7.0,9.0,7.0,8.0,3.0,1.0,1.0,2.0,5.0,6.0,4.0,10.0,1.0,6.0,2.0,2.0,0.0,4.0,4.0,4.0,9.0,4.0,1.0,3.0,4.0,1.0,1.0,2.0,2.0,2.0,1.0,2.0,1.0,2.0,2.0,2.0,4.0,3.0,1.0,4.0,0.0,1.0,2.0,2.0,4.0,1.0,1.0,1.0,3.0,6.0,3.0,2.0,3.0,2.0,1.0,2.0,0.0
g192,5.0,1.0,10.0,10.0,1.0,0.0,5.0,6.0,7.0,3.0,6.0,3.0,6.0,3.0,3.0,11.0,3.0,0.0,1.0,5.0,3.0,2.0,17.0,3.0,1.0,0.0,6.0,3.0,6.0,5.0,3.0,6.0,4.0,4.0,0.0,1.0,2.0,4.0,1.0,2.0,3.0,1.0,2.0,1.0,4.0,5.0,13.0,2.0,0.0,1.0,0.0,1.0,4.0,0.0,4.0,3.0,2.0,1.0,2.0,3.0,1.0,2.0,4.0,1.0,5.0,7.0,2.0,1.0,1.0,2.0,11.0,8.0,7.0,2.0,6.0,4.0,1.0,3.0,1.0,1.0,3.0,2.0,1.0,2.0,6.0,1.0,3.0,1.0,2.0,0.0,1.0,2.0,2.0,2.0,1.0,2.0,2.0,2.0,0.0,3.0
g193,4.0,2.0,9.0,1.0,3.0,8.0,3.0,7.0,8.0,9.0,9.0,1.0,2.0,0.0,12.0,6.0,3.0,2.0,8.0,4.0,9.0,6.0,2.0,2.0,3.0,4.0,6.0,2.0,8.0,2.0,7.0,1.0,7.0,2.0,0.0,2.0,2.0,4.0,4.0,4.0,2.0,9.0,2.0,2.0,5.0,4.0,3.0,6.0,8.0,9.0,3.0,0.0,5.0,1.0,1.0,3.0,9.0,3.0,1.0,1.0,5.0,9.0,2.0,2.0,3.0,5.0,3.0,0.0,2.0,1.0,3.0,2.0,0.0,2.0,1.0,2.0,0.0,1.0,1.0,1.0,8.0,3.0,2.0,2.0,3.0,2.0,3.0,1.0,1.0,2.0,3.0,0.0,2.0,1.0,1.0,1.0,3.0,1.0,1.0,1.0
g194,2.0,8.0,8.0,9.0,1.0,2.0,4.0,0.0,4.0,5.0,2.0,0.0,1.0,6.0,8.0,2.0,0.0,4.0,2.0,13.0,2.0,0.0,2.0,9.0,0.0,3.0,2.0,6.0,8.0,5.0,2.0,5.0,4.0,7.0,10.0,2.0,2.0,4.0,0.0,5.0,2.0,1.0,1.0,4.0,3.0,1.0,5.0,3.0,2.0,1.0,7.0,3.0,2.0,2.0,1.0,5.0,4.0,1.0,8.0,3.0,10.0,2.0,2.0,4.0,2.0,2.0,4.0,1.0,3.0,1.0,0.0,6.0,4.0,9.0,2.0,3.0,1.0,1.0,1.0,1.0,0.0,2.0,2.0,2.0,1.0,2.0,0.0,2.0,2.0,2.0,2.0,2.0,1.0,0.0,0.0,1.0,1.0,2.0,2.0,3.0
g195,1.0,2.0,1.0,8.0,6.0,0.0,6.0,2.0,1.0,2.0,6.0,6.0,10.0,0.0,1.0,1.0,4.0,5.0,0.0,7.0,2.0,5.0,0.0,5.0,2.0,8.0,1.0,3.0,10.0,6.0,8.0,9.0,10.0,0.0,3.0,3.0,2.0,2.0,9.0,1.0,1.0,5.0,1.0,3.0,9.0,3.0,2.0,2.0,4.0,1.0,8.0,0.0,0.0,2.0,3.0,4.0,4.0,2.0,2.0,1.0,7.0,2.0,6.0,2.0,3.0,6.0,3.0,1.0,1.0,2.0,3.0,1.0,10.0,4.0,3.0,2.0,5.0,2.0,3.0,3.0,0.0,1.0,2.0,1.0,0.0,2.0,3.0,7.0,2.0,2.0,1.0,2.0,2.0,3.0,1.0,2.0,1.0,3.0,1.0,1.0
g196,8.0,5.0,2.0,9.0,9.0,7.0,3.0,1.0,0.0,6.0,7.0,1.0,2.0,7.0,4.0,3.0,4.0,6.0,7.0,4.0,3.0,10.0,9.0,4.0,4.0,4.0,2.0,2.0,1.0,0.0,8.0,0.0,0.0,1.0,2.0,3.0,0.0,9.0,6.0,5.0,9.0,3.0,6.0,2.0,10.0,7.0,0.0,5.0,2.0,2.0,2.0,1.0,2.0,13.0,0.0,7.0,0.0,3.0,2.0,3.0,1.0,3.0,2.0,1.0,2.0,3.0,0.0,8.0,3.0,4.0,1.0,1.0,3.0,4.0,7.0,2.0,2.0,2.0,3.0,3.0,1.0,0.0,2.0,5.0,2.0,0.0,1.0,2.0,7.0,1.0,1.0,3.0,2.0,2.0,0.0,2.0,5.0,1.0,2.0,5.0
g197,14.0,0.0,4.0,11.0,1.0,10.0,1.0,11.0,7.0,9.0,3.0,3.0,2.0,1.0,9.0,4.0,4.0,3.0,11.0,2.0,10.0,9.0,3.0,1.0,2.0,3.0,3.0,0.0,2.0,1.0,3.0,4.0,3.0,1.0,1.0,6.0,8.0,1.0,3.0,6.0,3.0,1.0,2.0,2.0,7.0,2.0,8.0,2.0,2.0,4.0,5.0,1.0,6.0,5.0,6.0,6.0,6.0,3.0,0.0,1.0,1.0,3.0,2.0,1.0,1.0,2.0,4.0,4.0,10.0,8.0,1.0,1.0,1.0,3.0,2.0,2.0,1.0,1.0,2.0,1.0,1.0,1.0,4.0,1.0,1.0,3.0,2.0,3.0,2.0,3.0,3.0,2.0,4.0,3.0,3.0,2.0,2.0,1.0,4.0,2.0
g198,1.0,2.0,7.0,0.0,2.0,8.0,7.0,4.0,4.0,4.0,6.0,1.0,7.0,6.0,1.0,2.0,1.0,9.0,8.0,5.0,2.0,0.0,2.0,6.0,1.0,4.0,0.0,4.0,13.0,1.0,7.0,9.0,1.0,1.0,12.0,5.0,1.0,4.0,1.0,1.0,0.0,8.0,1.0,6.0,4.0,4.0,5.0,3.0,1.0,1.0,0.0,4.0,2.0,6.0,8.0,6.0,2.0,8.0,1.0,4.0,1.0,5.0,3.0,0.0,2.0,2.0,8.0,6.0,5.0,3.0,9.0,4.0,12.0,3.0,2.0,1.0,4.0,0.0,3.0,2.0,2.0,1.0,0.0,2.0,5.0,3.0,1.0,2.0,2.0,1.0,11.0,1.0,2.0,1.0,1.0,2.0,3.0,1.0,3.0,1.0
g199,4.0,1.0,7.0,6.0,1.0,3.0,0.0,5.0,7.0,11.0,0.0,1.0,2.0,11.0,1.0,1.0,5.0,3.0,4.0,0.0,0.0,2.0,3.0,0.0,1.0,11.0,3.0,7.0,3.0,1.0,6.0,3.0,4.0,1.0,2.0,1.0,4.0,1.0,2.0,1.0,8.0,2.0,1.0,1.0,9.0,1.0,2.0,1.0,1.0,4.0,1.0,0.0,3.0,2.0,1.0,6.0,4.0,1.0,8.0,3.0,2.0,3.0,1.0,3.0,4.0,2.0,4.0,0.0,2.0,4.0,2.0,3.0,1.0,15.0,2.0,2.0,2.0,2.0,3.0,3.0,1.0,1.0,1.0,1.0,2.0,1.0,2.0,1.0,3.0,3.0,1.0,3.0,2.0,3.0,7.0,2.0,3.0,1.0,4.0,0.0
